TRADEDATE,CLOSE,VALUE,VOLUME
2014-01-06,98.91,3154470383.9,31691800.0
2014-01-08,98.19,4179938515.5,42372290.0
2014-01-09,98.0,4518388781.2,45986900.0
2014-01-10,99.2,5109679480.9,51902400.0
2014-01-13,100.25,6191507238.7,62051250.0
2014-01-14,99.24,7781261285.6,78485160.0
2014-01-15,100.77,7807555438.7,77839370.0
2014-01-16,100.65,6342081313.5,62759280.0
2014-01-17,101.17,6976427837.1,69135170.0
2014-01-20,101.96,6337126441.7,62429420.0
2014-01-21,102.2,6340162289.1,61991430.0
2014-01-22,102.17,5962256453.3,58589100.0
2014-01-23,101.7,7229344462.4,70600710.0
2014-01-24,99.7,11328433229.4,112821700.0
2014-01-27,97.78,10205265742.8,103793450.0
2014-01-28,97.36,7879197170.2,80448950.0
2014-01-29,95.98,11798207834.2,120814560.0
2014-01-30,95.8,12465984799.6,130498640.0
2014-01-31,94.7,9826064290.3,103047610.0
2014-02-03,94.66,7762450691.6,81505780.0
2014-02-04,94.07,8816982226.2,93931280.0
2014-02-05,95.45,8614557954.1,90666210.0
2014-02-06,96.62,7316925270.3,76095210.0
2014-02-07,96.53,7520576896.1,77654990.0
2014-02-10,95.47,6527070792.2,67771880.0
2014-02-11,96.12,5293672847.6,55103910.0
2014-02-12,96.84,6836550789.2,70670070.0
2014-02-13,95.5,5971881712.3,62181740.0
2014-02-14,96.65,6152005931.6,63884790.0
2014-02-17,97.49,5342634607.5,54738670.0
2014-02-18,96.62,5521845072.9,56765130.0
2014-02-19,94.9,7585763995.6,79367620.0
2014-02-20,94.63,6803693880.4,72263740.0
2014-02-21,95.0,4957617662.0,52205040.0
2014-02-24,94.69,4560183217.6,48226210.0
2014-02-25,94.17,7028565285.6,74634340.0
2014-02-26,92.29,8447503248.6,90720380.0
2014-02-27,90.12,11709164763.3,129290620.0
2014-02-28,91.16,10176591958.5,112780920.0
2014-03-03,77.57,33834631494.3,427913510.0
2014-03-04,81.55,30132920508.4,371921710.0
2014-03-05,81.46,14261760259.2,175284130.0
2014-03-06,80.24,22663770504.0,281937510.0
2014-03-07,79.99,15241918515.2,190384620.0
2014-03-11,76.57,11720261740.1,150142970.0
2014-03-12,72.46,17042032852.6,227452390.0
2014-03-13,69.84,18291536404.2,256776110.0
2014-03-14,71.75,23504637802.9,346714120.0
2014-03-17,76.97,25538520916.4,344321660.0
2014-03-18,81.43,23589639716.5,301075150.0
2014-03-19,80.83,20862008429.9,257701520.0
2014-03-20,79.5,15114543570.0,190046940.0
2014-03-21,78.47,16078610494.1,207828970.0
2014-03-24,78.29,13253767822.2,167819190.0
2014-03-25,81.85,20451446930.3,255665910.0
2014-03-26,82.56,19049556951.5,229652070.0
2014-03-27,79.88,14948796189.1,185280640.0
2014-03-28,81.47,12322262205.1,152251850.0
2014-03-31,83.8,14692186419.2,178420740.0
2014-04-01,83.88,12968274195.0,154874300.0
2014-04-02,82.67,11804773404.0,143111440.0
2014-04-03,81.51,10532322499.7,127794990.0
2014-04-04,82.98,12067295488.7,147144280.0
2014-04-07,79.95,18991884791.3,236725410.0
2014-04-08,79.41,12949536875.1,163499350.0
2014-04-09,78.85,12673403126.6,161363630.0
2014-04-10,79.9,14170548657.5,178317550.0
2014-04-11,79.75,12236550210.6,154422060.0
2014-04-14,78.35,14910754294.4,190735310.0
2014-04-15,75.2,14614490983.2,190723350.0
2014-04-16,76.13,20398523953.8,271726740.0
2014-04-17,76.89,15344443361.7,201674510.0
2014-04-18,78.82,9018787421.5,114463050.0
2014-04-21,77.62,6524700324.0,83590290.0
2014-04-22,76.3,10366817228.3,135293150.0
2014-04-23,75.56,10096596348.4,133283600.0
2014-04-24,73.21,18512448292.7,251265730.0
2014-04-25,69.91,21073635940.9,297122510.0
2014-04-28,73.39,26919766522.5,382641850.0
2014-04-29,72.8,13562850951.4,184166290.0
2014-04-30,72.5,7884706883.0,109106810.0
2014-05-02,72.22,4614899568.3,64294280.0
2014-05-05,71.99,4819865433.2,67164800.0
2014-05-06,74.1,9525359949.2,129555640.0
2014-05-07,78.5,20847433784.2,271218480.0
2014-05-08,78.8,19652189431.2,248696590.0
2014-05-12,79.08,12971345421.0,164644990.0
2014-05-13,80.15,14982774153.6,186766010.0
2014-05-14,81.38,10950369363.2,136298440.0
2014-05-15,80.04,13958326176.9,171237780.0
2014-05-16,79.2,11712181282.7,148101150.0
2014-05-19,81.62,11387666217.8,141103030.0
2014-05-20,82.31,12704722224.7,155680150.0
2014-05-21,83.59,15827223384.5,191332530.0
2014-05-22,83.26,10987132137.3,132031140.0
2014-05-23,85.83,14373948595.5,170529760.0
2014-05-26,86.87,9861521266.2,113548190.0
2014-05-27,84.33,12750027950.6,149979600.0
2014-05-28,84.95,9936248035.4,117406900.0
2014-05-29,85.65,11385853542.6,133574640.0
2014-05-30,84.5,9193858538.7,108275150.0
2014-06-02,85.91,11679296280.8,135553000.0
2014-06-03,86.84,10259671670.7,119911060.0
2014-06-04,87.81,10361328204.3,118827760.0
2014-06-05,87.43,12025304480.7,136671320.0
2014-06-06,89.0,11211383095.1,127899230.0
2014-06-09,88.89,7560962732.0,84842190.0
2014-06-10,88.99,7596389042.6,85853250.0
2014-06-11,89.0,6041154867.6,67980020.0
2014-06-16,84.85,11088013550.9,130296750.0
2014-06-17,83.8,7330000018.9,86913970.0
2014-06-18,83.77,9671046875.6,115310330.0
2014-06-19,84.8,9528743715.0,112078350.0
2014-06-20,84.16,7073051535.6,83715090.0
2014-06-23,83.68,8347843813.1,99040960.0
2014-06-24,86.5,12819683767.4,150531880.0
2014-06-25,84.4,9811010217.8,114961050.0
2014-06-26,84.1,8383743521.2,99471360.0
2014-06-27,84.33,4828661473.2,57140600.0
2014-06-30,84.5,6822354609.1,81496490.0
2014-07-01,84.07,6700970195.0,80028320.0
2014-07-02,85.79,8016712732.6,94197580.0
2014-07-03,85.34,6559336708.5,76353880.0
2014-07-04,84.0,5890073881.0,69404770.0
2014-07-07,85.49,6025535758.0,71042760.0
2014-07-08,85.11,8532268044.6,99525260.0
2014-07-09,85.2,6861142523.7,80831840.0
2014-07-10,84.47,9686873454.4,114382280.0
2014-07-11,84.55,6602300169.9,78260360.0
2014-07-14,83.55,5856987360.7,69434020.0
2014-07-15,83.09,6601547994.8,79123700.0
2014-07-16,83.78,7160064071.3,86004300.0
2014-07-17,81.5,12027761202.8,147892860.0
2014-07-18,80.27,11816975027.0,147407130.0
2014-07-21,76.56,14297774488.2,182779550.0
2014-07-22,78.3,12028123266.1,154403850.0
2014-07-23,77.45,7277557742.1,93643340.0
2014-07-24,76.87,7809701201.2,101869250.0
2014-07-25,75.16,8283568523.8,109515350.0
2014-07-28,72.82,8557052061.2,116467930.0
2014-07-29,73.2,14153119044.7,193639220.0
2014-07-30,73.68,14523547897.5,194588780.0
2014-07-31,73.6,8188974758.4,110573680.0
2014-08-01,72.37,13276911148.5,183538940.0
2014-08-04,72.75,7492810618.6,102965070.0
2014-08-05,71.6,7475834047.6,103702890.0
2014-08-06,69.0,17648189319.1,252771000.0
2014-08-07,68.5,17451511001.3,257510130.0
2014-08-08,70.7,11312689552.6,162405320.0
2014-08-11,74.21,12396749732.9,168710010.0
2014-08-12,73.35,12470921233.2,168530250.0
2014-08-13,74.84,10204042131.6,137022330.0
2014-08-14,74.99,11001471078.0,146635000.0
2014-08-15,75.05,9520904415.8,127078390.0
2014-08-18,75.15,6573355528.3,87278050.0
2014-08-19,76.0,7381460232.9,97471200.0
2014-08-20,76.9,9121903753.5,120071260.0
2014-08-21,78.4,9023655140.5,115995050.0
2014-08-22,78.39,10934358452.3,140619770.0
2014-08-25,78.56,9372795671.0,118676060.0
2014-08-26,77.44,6172031870.7,79132960.0
2014-08-27,77.93,6358565106.8,81493260.0
2014-08-28,74.59,17577035274.0,231820440.0
2014-08-29,73.21,14242612092.1,193460210.0
2014-09-01,73.68,12118090739.3,164429290.0
2014-09-02,73.76,7701340899.6,104627840.0
2014-09-03,78.5,21333848810.2,277102210.0
2014-09-04,79.39,12434841180.8,158504110.0
2014-09-05,80.25,12760679862.3,159432130.0
2014-09-08,78.69,8586491913.2,108470700.0
2014-09-09,79.41,8416207166.7,105818380.0
2014-09-10,78.67,6806564900.8,86323660.0
2014-09-11,76.3,11862400181.6,153119340.0
2014-09-12,76.65,11142306440.4,145526680.0
2014-09-15,75.63,9667420501.4,127147020.0
2014-09-16,77.6,10911100950.9,141626080.0
2014-09-17,78.66,11680433036.9,150425900.0
2014-09-18,77.98,8031614350.0,102250150.0
2014-09-19,77.4,9528065775.8,122982290.0
2014-09-22,76.0,6471712224.7,84589910.0
2014-09-23,77.68,7511750614.8,97635080.0
2014-09-24,79.05,9743665248.4,123499180.0
2014-09-25,78.01,9593588851.2,121092190.0
2014-09-26,77.6,8662360631.6,111612420.0
2014-09-29,76.7,7794311609.8,100645000.0
2014-09-30,75.52,11065325634.6,144552360.0
2014-10-01,74.26,9813229524.8,130262550.0
2014-10-02,73.15,10657701141.0,145206610.0
2014-10-03,73.77,8251476086.9,111663690.0
2014-10-06,76.33,9485664906.9,125594530.0
2014-10-07,75.32,7353823645.6,97153580.0
2014-10-08,73.8,9823200108.0,132003430.0
2014-10-09,73.65,10790147160.4,144528280.0
2014-10-10,73.5,10334279936.8,141617220.0
2014-10-13,74.26,8700342715.7,116922770.0
2014-10-14,74.55,7128513782.7,95473820.0
2014-10-15,73.08,8865781517.8,120577500.0
2014-10-16,71.12,14162680267.6,195738120.0
2014-10-17,73.15,10590495491.3,146039730.0
2014-10-20,72.25,8881557582.1,122048450.0
2014-10-21,72.5,8448389158.6,116676840.0
2014-10-22,71.82,7122868294.3,98536180.0
2014-10-23,71.59,9462546234.6,132619500.0
2014-10-24,72.49,5450085857.4,76065860.0
2014-10-27,72.9,8754745253.3,119696300.0
2014-10-28,73.9,7463421519.8,101388880.0
2014-10-29,74.05,7438238512.1,100125200.0
2014-10-30,74.98,13453034887.8,180995180.0
2014-10-31,76.23,11759995500.7,154675720.0
2014-11-03,76.29,3803202502.7,49892210.0
2014-11-05,75.65,7625975611.1,101085650.0
2014-11-06,75.05,8343805220.4,109722350.0
2014-11-07,75.69,14790665046.6,195083240.0
2014-11-10,77.78,9681955158.5,125636500.0
2014-11-11,77.34,10202557176.4,130820430.0
2014-11-12,76.32,8738507254.5,113847180.0
2014-11-13,74.03,11286173621.4,150544890.0
2014-11-14,74.15,7512929431.5,101827010.0
2014-11-17,73.97,5763830832.1,77982280.0
2014-11-18,75.21,9033452366.9,121080470.0
2014-11-19,73.9,6660852593.4,89158940.0
2014-11-20,73.63,7700368683.1,104580980.0
2014-11-21,74.39,7816148671.7,105852740.0
2014-11-24,74.4,6389705275.5,85541840.0
2014-11-25,74.11,4433101334.2,59713060.0
2014-11-26,73.85,6760449142.3,91757390.0
2014-11-27,73.04,6463472882.3,87730700.0
2014-11-28,72.25,9244941546.6,128193600.0
2014-12-01,73.79,10201451741.1,139383260.0
2014-12-02,71.64,9747764666.6,133472040.0
2014-12-03,72.0,8322053520.0,115782340.0
2014-12-04,71.04,11776978748.0,162018990.0
2014-12-05,68.6,11210906896.8,160171610.0
2014-12-08,65.3,11218032583.7,167156200.0
2014-12-09,66.26,12883264678.1,198020150.0
2014-12-10,67.77,12140409043.8,180002300.0
2014-12-11,65.95,12134740057.5,182009630.0
2014-12-12,64.2,10234051733.4,157344230.0
2014-12-15,60.13,14113009196.4,224047750.0
2014-12-16,53.5,25448070650.6,470750510.0
2014-12-17,59.9,24945637858.8,446526580.0
2014-12-18,62.91,20215423040.7,317744140.0
2014-12-19,61.44,10480844257.1,171795280.0
2014-12-22,58.6,13954392663.2,228645560.0
2014-12-23,54.0,13019787626.3,230869270.0
2014-12-24,55.0,9006096055.4,166419660.0
2014-12-25,58.7,6598735994.3,116646610.0
2014-12-26,57.13,7806991890.2,134648850.0
2014-12-29,54.51,6329889661.8,113669200.0
2014-12-30,54.9,6492408490.0,120437150.0
2015-01-05,56.37,3528066684.6,63231040.0
2015-01-06,58.28,4039309039.0,70269700.0
2015-01-08,65.7,11928949418.6,187598890.0
2015-01-09,63.1,6875919602.0,107559890.0
2015-01-12,62.9,6252325925.8,99435900.0
2015-01-13,60.31,11605737117.7,190655450.0
2015-01-14,60.05,8109389484.4,134066670.0
2015-01-15,61.8,11116803588.2,180005110.0
2015-01-16,61.99,8789135013.7,143117080.0
2015-01-19,61.8,7849098982.7,124918310.0
2015-01-20,60.8,7359944280.0,120109490.0
2015-01-21,62.8,6607688949.9,106804150.0
2015-01-22,64.35,11052416507.5,173344710.0
2015-01-23,64.45,10707837068.6,163436260.0
2015-01-26,60.49,9460544664.5,154035210.0
2015-01-27,61.2,11362083974.5,188572120.0
2015-01-28,60.63,8563690146.3,139314670.0
2015-01-29,60.5,9118121323.2,150527510.0
2015-01-30,61.5,11811926822.0,194980610.0
2015-02-02,61.4,11971398640.4,195554010.0
2015-02-03,62.0,8724095416.0,140880980.0
2015-02-04,61.04,5140938108.9,83495280.0
2015-02-05,62.41,10646794084.8,173331680.0
2015-02-06,64.31,11493624557.0,180698040.0
2015-02-09,65.57,14757463788.4,224135470.0
2015-02-10,65.0,7942469037.7,121431950.0
2015-02-11,65.12,9373707905.4,142445360.0
2015-02-12,67.21,27193992307.7,403090230.0
2015-02-13,70.6,26141723325.5,375773430.0
2015-02-16,70.0,9230110058.8,131054210.0
2015-02-17,72.45,17549708874.3,243539660.0
2015-02-18,76.4,17870680569.6,237863380.0
2015-02-19,73.78,17678036332.8,238749450.0
2015-02-20,74.75,13211569519.1,177829380.0
2015-02-24,73.7,8559427368.2,117265120.0
2015-02-25,74.2,9037614092.8,122714250.0
2015-02-26,75.95,10888676558.6,143958950.0
2015-02-27,75.91,9879008752.9,129979040.0
2015-03-02,76.2,8504254242.3,110696420.0
2015-03-03,75.55,9856981237.2,129705180.0
2015-03-04,72.31,8753923797.8,117798050.0
2015-03-05,72.7,12837220780.4,175857900.0
2015-03-06,73.25,7709717540.5,105050160.0
2015-03-10,69.8,10576419799.7,149557550.0
2015-03-11,70.68,10529138063.7,149717760.0
2015-03-12,70.79,5865438400.6,82959400.0
2015-03-13,67.87,10497011469.8,151669320.0
2015-03-16,65.57,10394053064.5,156289080.0
2015-03-17,64.65,11909026946.1,183457200.0
2015-03-18,65.26,7071390466.0,108223320.0
2015-03-19,64.9,8180816209.3,124342050.0
2015-03-20,67.0,9769549263.8,147872150.0
2015-03-23,65.0,8686117775.5,131474510.0
2015-03-24,65.6,7961369580.2,121944620.0
2015-03-25,64.8,6367760928.0,97814600.0
2015-03-26,62.85,9492165288.1,148212490.0
2015-03-27,61.0,9769443845.8,157726010.0
2015-03-30,63.01,7561345446.3,121585170.0
2015-03-31,62.88,7109578273.7,113703370.0
2015-04-01,64.5,10287783241.6,161132260.0
2015-04-02,65.92,9015854137.5,138482010.0
2015-04-03,65.5,5628272228.4,85588420.0
2015-04-06,68.99,9189715221.3,137120690.0
2015-04-07,69.6,15558188707.2,224738420.0
2015-04-08,69.4,8607751973.0,124300110.0
2015-04-09,72.0,13305492636.9,187982850.0
2015-04-10,71.5,10257743884.2,143967740.0
2015-04-13,74.1,12118520801.3,165129570.0
2015-04-14,74.05,10002445261.0,135451730.0
2015-04-15,76.49,11553766254.9,153846180.0
2015-04-16,76.5,13500567052.1,176773010.0
2015-04-17,72.5,11754378578.0,157337590.0
2015-04-20,73.5,11465881118.1,157896000.0
2015-04-21,75.24,11716879112.3,157633660.0
2015-04-22,73.9,10658569420.3,143896300.0
2015-04-23,75.8,14341518309.3,192895230.0
2015-04-24,75.75,11841055983.5,155138110.0
2015-04-27,75.2,9552112172.9,126319130.0
2015-04-28,75.7,7420290830.3,99218180.0
2015-04-29,75.2,6589908899.1,87147120.0
2015-04-30,76.9,8001641723.0,105036540.0
2015-05-05,80.21,10786919266.1,136570620.0
2015-05-06,79.2,8790897464.3,110343180.0
2015-05-07,76.5,8631254510.1,111790370.0
2015-05-08,75.5,8296346648.5,109570490.0
2015-05-12,75.19,7522013545.9,99583780.0
2015-05-13,75.24,8181617263.1,108370700.0
2015-05-14,74.31,6695102749.4,89950110.0
2015-05-15,75.05,4950211145.0,66428900.0
2015-05-18,75.36,6901311199.4,91255640.0
2015-05-19,73.35,7035385025.8,95117880.0
2015-05-20,71.6,8031173145.8,111312700.0
2015-05-21,73.25,7130404576.0,98610820.0
2015-05-22,74.35,9612288950.2,130057270.0
2015-05-25,74.46,4502020411.3,60933420.0
2015-05-26,74.67,6011972846.2,80631210.0
2015-05-27,74.23,8089769979.0,110149140.0
2015-05-28,73.6,6185895043.3,83529650.0
2015-05-29,73.5,10250593497.7,136698370.0
2015-06-01,72.65,8321019554.8,113205280.0
2015-06-02,73.92,5525454638.9,75392090.0
2015-06-03,71.72,7798511159.9,107211510.0
2015-06-04,71.25,7845641687.8,109970350.0
2015-06-05,70.61,5480891746.2,77281110.0
2015-06-08,69.17,7182758943.4,102748480.0
2015-06-09,70.21,6851335973.1,98748730.0
2015-06-10,71.51,6529685990.9,91552570.0
2015-06-11,72.55,8834867546.4,123890170.0
2015-06-15,71.8,7274644531.5,102080440.0
2015-06-16,73.5,7779486263.0,107571400.0
2015-06-17,72.81,6403529451.6,86995650.0
2015-06-18,72.98,6720787262.8,91400010.0
2015-06-19,71.56,6700730988.3,92741580.0
2015-06-22,72.0,5356120485.2,74326940.0
2015-06-23,72.01,3809342329.8,52938560.0
2015-06-24,71.98,4060868802.4,56452820.0
2015-06-25,71.42,3265686873.0,45477110.0
2015-06-26,70.6,6953857936.2,98330570.0
2015-06-29,70.2,5428842766.9,77616070.0
2015-06-30,72.35,7106462410.9,99473820.0
2015-07-01,71.0,7270461370.3,101154440.0
2015-07-02,70.54,5916314910.6,83756690.0
2015-07-03,70.67,4139718738.8,58707530.0
2015-07-06,68.45,8574431815.2,123570110.0
2015-07-07,68.77,7142821094.7,103684770.0
2015-07-08,67.73,10794926015.2,160173700.0
2015-07-09,69.35,5809055665.2,84780130.0
2015-07-10,71.06,7681072909.1,108780680.0
2015-07-13,72.94,16717328134.5,231581340.0
2015-07-14,73.9,8068480978.9,110524300.0
2015-07-15,74.0,5827909514.9,79249180.0
2015-07-16,74.21,4202661103.4,56795770.0
2015-07-17,75.52,6643082557.1,88937350.0
2015-07-20,74.1,6673781777.6,89338110.0
2015-07-21,75.55,8145142561.9,108985690.0
2015-07-22,74.6,7479462570.2,99433200.0
2015-07-23,72.7,6743238166.9,91626820.0
2015-07-24,70.45,9578703187.3,133887760.0
2015-07-27,68.48,14414520570.4,209986640.0
2015-07-28,69.55,12573228284.5,181247650.0
2015-07-29,71.2,8739702987.3,123880080.0
2015-07-30,72.2,7716334933.9,107101630.0
2015-07-31,72.3,10953582462.7,153437500.0
2015-08-03,71.1,8354612356.3,117599820.0
2015-08-04,72.3,7139565312.9,99409330.0
2015-08-05,73.49,8289256662.7,113008940.0
2015-08-06,72.25,7468297854.7,102421110.0
2015-08-07,74.2,7754793149.1,105214340.0
2015-08-10,75.16,6277893764.2,84327190.0
2015-08-11,73.2,8453230352.5,113655080.0
2015-08-12,73.4,7258774851.6,98910440.0
2015-08-13,73.7,5705645038.8,77333790.0
2015-08-14,74.43,5435991639.0,73226070.0
2015-08-17,73.0,6916351474.4,94182540.0
2015-08-18,72.45,6369365788.6,87653250.0
2015-08-19,71.5,7621445917.1,105333980.0
2015-08-20,72.05,7775867613.2,108445080.0
2015-08-21,69.86,8377667600.3,118509720.0
2015-08-24,68.53,15802396894.2,232160070.0
2015-08-25,70.79,10247936040.8,145878970.0
2015-08-26,71.0,9137115968.3,129671460.0
2015-08-27,73.8,11187782034.2,153628490.0
2015-08-28,74.82,12940780096.2,174611890.0
2015-08-31,74.5,11294385690.8,152930380.0
2015-09-01,73.14,9761688496.5,132717170.0
2015-09-02,72.9,10196595215.5,139406370.0
2015-09-03,74.15,7897536878.0,106955860.0
2015-09-04,73.96,5959902435.8,80709310.0
2015-09-07,73.81,3673598118.0,49845340.0
2015-09-08,74.9,7375920732.2,98662390.0
2015-09-09,74.65,6455384487.4,85993260.0
2015-09-10,74.3,6923861053.5,93353580.0
2015-09-11,74.1,4219275687.4,57012070.0
2015-09-14,74.88,5713597886.6,76431280.0
2015-09-15,74.85,4760349633.7,63782210.0
2015-09-16,77.71,9540095245.1,124565490.0
2015-09-17,76.49,7203069766.9,93647050.0
2015-09-18,75.5,7881746671.5,103518130.0
2015-09-21,75.94,5987130302.1,78643830.0
2015-09-22,74.39,7638511118.2,102296950.0
2015-09-23,73.74,6930161849.6,93374560.0
2015-09-24,73.33,7474064381.4,101789760.0
2015-09-25,74.97,6397364154.7,86018340.0
2015-09-28,74.57,5180139666.1,69169380.0
2015-09-29,75.5,6249207739.1,83624660.0
2015-09-30,75.3,6568630889.0,86525120.0
2015-10-01,74.51,8233421316.3,109384990.0
2015-10-02,73.8,7273240358.1,98443470.0
2015-10-05,76.2,7569718723.4,100484850.0
2015-10-06,77.31,7818274197.7,102125210.0
2015-10-07,79.65,14189390496.0,181436920.0
2015-10-08,83.11,18910818496.0,234046020.0
2015-10-09,85.77,17405911488.5,205573820.0
2015-10-12,85.45,12417854664.3,146007620.0
2015-10-13,85.0,8465295962.3,99736900.0
2015-10-14,86.81,9788569278.1,114246530.0
2015-10-15,87.7,12293996742.4,139294580.0
2015-10-16,88.52,12775243110.9,143386100.0
2015-10-19,87.07,10285534549.7,118152120.0
2015-10-20,88.14,9606479105.3,109382370.0
2015-10-21,86.95,8597024871.0,99081310.0
2015-10-22,86.53,7864275604.3,90618250.0
2015-10-23,90.45,12248050433.6,137358890.0
2015-10-26,92.3,14156296955.1,154684320.0
2015-10-27,89.0,12404568510.7,137755700.0
2015-10-28,90.05,11391289093.9,128577920.0
2015-10-29,88.6,10264611464.2,114433270.0
2015-10-30,90.53,7671652354.9,85414040.0
2015-11-02,93.65,11533162305.0,125019670.0
2015-11-03,95.4,11599161951.2,122438730.0
2015-11-05,95.5,12206480529.7,127769250.0
2015-11-06,94.09,10073225196.8,106579170.0
2015-11-09,92.95,7402085478.9,79039400.0
2015-11-10,94.35,6655777226.0,71523380.0
2015-11-11,94.0,7269524919.6,77489920.0
2015-11-12,94.29,7419518325.5,79197840.0
2015-11-13,93.4,7405583101.2,79071320.0
2015-11-16,95.8,8334568871.8,88111460.0
2015-11-17,102.5,18037339094.4,181101510.0
2015-11-18,104.0,14142767356.0,136661570.0
2015-11-19,104.86,20252810885.6,191081370.0
2015-11-20,107.3,11970586652.5,113710820.0
2015-11-23,109.98,18771890126.7,173233750.0
2015-11-24,105.6,16553006789.6,154170880.0
2015-11-25,108.51,12803338864.7,119491800.0
2015-11-26,106.48,8668625700.7,80653490.0
2015-11-27,104.55,9777583229.9,93334840.0
2015-11-30,102.9,9118566860.4,87247790.0
2015-12-01,101.3,10092767266.0,98894750.0
2015-12-02,102.5,9173964817.2,89735480.0
2015-12-03,104.0,9954576276.4,96438740.0
2015-12-04,103.05,11195660819.9,107660660.0
2015-12-07,103.0,9468669139.4,91341440.0
2015-12-08,97.0,15881189863.0,159235470.0
2015-12-09,100.66,11798511398.8,119148390.0
2015-12-10,100.13,8959436284.2,88967510.0
2015-12-11,98.15,9032283624.3,90949100.0
2015-12-14,97.7,9921378442.1,101851290.0
2015-12-15,100.0,8741234831.7,87563530.0
2015-12-16,102.45,7173782061.5,70548170.0
2015-12-17,103.75,12511558166.4,120210540.0
2015-12-18,98.81,10934242379.6,108929250.0
2015-12-21,98.73,8076479541.6,81398290.0
2015-12-22,99.8,4870644757.0,48799790.0
2015-12-23,102.96,7362336613.5,72286800.0
2015-12-24,101.35,7360203488.0,72255900.0
2015-12-25,101.34,2659577449.7,26197790.0
2015-12-28,100.2,3696017086.7,36924620.0
2015-12-29,101.82,7344425012.6,72703690.0
2015-12-30,101.26,3932572461.9,38868080.0
2016-01-04,98.01,5077424469.2,51264550.0
2016-01-05,98.89,4821702731.4,49071570.0
2016-01-06,96.85,3986265724.8,40710930.0
2016-01-11,91.03,7987443989.1,86120290.0
2016-01-12,91.71,10043706788.5,110109050.0
2016-01-13,91.5,6892432509.5,74169700.0
2016-01-14,93.04,7437317841.1,81179220.0
2016-01-15,87.27,11969727980.7,133791200.0
2016-01-18,86.15,8736658755.0,100574240.0
2016-01-19,86.68,10054122892.0,114039260.0
2016-01-20,83.83,11248337450.6,134624680.0
2016-01-21,86.0,12301358567.0,143863130.0
2016-01-22,91.5,18629551391.5,207689990.0
2016-01-25,91.0,12064344954.0,131784760.0
2016-01-26,91.5,9524472957.3,105375580.0
2016-01-27,95.75,14245600391.1,150816500.0
2016-01-28,96.69,17265123553.8,179555940.0
2016-01-29,96.5,16054714712.7,165404880.0
2016-02-01,96.5,8635273185.5,89621070.0
2016-02-02,94.4,12264491075.8,128999060.0
2016-02-03,94.53,10773565474.7,112704620.0
2016-02-04,97.57,11909432345.8,122053010.0
2016-02-05,97.2,7915423689.6,81434160.0
2016-02-08,94.7,10166007287.3,106207300.0
2016-02-09,93.89,11439498246.7,121341460.0
2016-02-10,96.35,10568892898.4,111478160.0
2016-02-11,94.2,10879931799.9,115370090.0
2016-02-12,94.85,7535249615.1,79435870.0
2016-02-15,95.25,6577429632.5,68610990.0
2016-02-16,96.51,11083515697.3,114942500.0
2016-02-17,99.2,11240177159.3,114840150.0
2016-02-18,102.7,12732765327.4,125646250.0
2016-02-19,101.5,17517992690.7,171600390.0
2016-02-20,102.39,1856073801.2,18170020.0
2016-02-22,103.2,6848604254.1,66187510.0
2016-02-24,102.1,9065264147.5,89140580.0
2016-02-25,104.05,11403975917.3,110333690.0
2016-02-26,106.24,15295321582.9,144091540.0
2016-02-29,107.0,9760622267.5,91798290.0
2016-03-01,108.26,12378692096.8,114856490.0
2016-03-02,106.12,10513076518.7,97924080.0
2016-03-03,106.99,8550809009.7,80188360.0
2016-03-04,108.99,9097424212.0,84288020.0
2016-03-07,109.47,8213200369.8,75021080.0
2016-03-09,108.15,7832078624.6,72419980.0
2016-03-10,108.84,10361161759.0,94994800.0
2016-03-11,109.26,6706688254.4,61331210.0
2016-03-14,109.26,7248895619.9,66481000.0
2016-03-15,106.46,13731851331.0,127043830.0
2016-03-16,107.0,8097090903.9,75835060.0
2016-03-17,109.47,10123365188.7,92997390.0
2016-03-18,112.4,14983920514.0,134630750.0
2016-03-21,112.07,12891948432.2,115565250.0
2016-03-22,111.49,12081656420.5,107526080.0
2016-03-23,109.1,11471587093.6,104185740.0
2016-03-24,108.06,10092376449.9,93439810.0
2016-03-25,109.1,3598642926.5,32979670.0
2016-03-28,108.12,5444454984.8,50130410.0
2016-03-29,107.05,9252193779.5,86835580.0
2016-03-30,109.15,9179021892.9,84472720.0
2016-03-31,109.9,11622833134.2,106590120.0
2016-04-01,108.52,10954729269.3,101276220.0
2016-04-04,108.2,8742196865.3,80458170.0
2016-04-05,106.87,8076292165.0,75655980.0
2016-04-06,108.0,8134181775.9,75577530.0
2016-04-07,108.51,8710184003.2,80295520.0
2016-04-08,112.92,13825944881.5,124450440.0
2016-04-11,117.35,17458747643.8,150709430.0
2016-04-12,117.95,14222423017.2,121033520.0
2016-04-13,119.5,12284221991.6,103450650.0
2016-04-14,119.3,10448824709.5,87986340.0
2016-04-15,119.3,8389339753.7,70464930.0
2016-04-18,118.2,10752898612.4,91828010.0
2016-04-19,121.5,16735309525.3,137828350.0
2016-04-20,123.75,12741395879.8,104454360.0
2016-04-21,119.17,22131501769.7,181989880.0
2016-04-22,121.25,12356982713.0,103033620.0
2016-04-25,120.08,8108035672.6,67353690.0
2016-04-26,119.7,10367571495.8,87582980.0
2016-04-27,120.8,10991080027.5,90776270.0
2016-04-28,124.39,10556856884.7,86145270.0
2016-04-29,123.55,12763192798.2,102845000.0
2016-05-04,120.96,10235010629.0,84919830.0
2016-05-05,120.92,6802313979.8,56067230.0
2016-05-06,120.64,8411090739.3,70324510.0
2016-05-10,119.55,7919645465.5,66142640.0
2016-05-11,123.45,10423833974.5,85404520.0
2016-05-12,121.2,10080141940.6,82201850.0
2016-05-13,121.07,7703426593.5,63730840.0
2016-05-16,122.6,7262195712.3,59171910.0
2016-05-17,122.71,8835683168.1,72505100.0
2016-05-18,123.12,6142658749.2,50047460.0
2016-05-19,120.5,8790586342.1,72437040.0
2016-05-20,121.9,6571676358.8,54014280.0
2016-05-23,121.51,6825642828.0,56408970.0
2016-05-24,123.5,6987440602.1,56897490.0
2016-05-25,127.87,14479261729.1,114073670.0
2016-05-26,132.16,16357527266.9,125310740.0
2016-05-27,133.2,11592929058.8,87175150.0
2016-05-30,134.45,5029369652.9,37575080.0
2016-05-31,132.56,12553902695.3,93363020.0
2016-06-01,131.36,8482089251.8,64165110.0
2016-06-02,132.3,8414607338.4,63947300.0
2016-06-03,131.59,9033729325.9,68202630.0
2016-06-06,133.99,6514499719.6,48666040.0
2016-06-07,139.97,13958052347.4,101205300.0
2016-06-08,139.39,12361099013.8,88540950.0
2016-06-09,139.61,7862301120.3,56597300.0
2016-06-10,133.5,8751719910.6,64569430.0
2016-06-14,127.08,14046788936.6,109389570.0
2016-06-15,129.89,10369763886.9,80324940.0
2016-06-16,127.1,8520974588.5,67167630.0
2016-06-17,128.7,8666787653.4,66796670.0
2016-06-20,132.13,6355923662.3,47921580.0
2016-06-21,133.39,6908714760.5,52409310.0
2016-06-22,134.81,6122119624.6,45459110.0
2016-06-23,138.0,7546299634.1,55163860.0
2016-06-24,133.4,14149327652.7,107405790.0
2016-06-27,126.2,15219211846.1,117447730.0
2016-06-28,129.57,11699860490.7,91288180.0
2016-06-29,133.88,8882981033.0,67216180.0
2016-06-30,133.0,11562399539.1,86955520.0
2016-07-01,133.85,8586423005.5,64562290.0
2016-07-04,134.6,5119080832.0,37974790.0
2016-07-05,131.85,5853956115.3,44240960.0
2016-07-06,129.36,9124031149.9,70460970.0
2016-07-07,131.8,10222246297.4,77524920.0
2016-07-08,134.41,10043083863.8,75763390.0
2016-07-11,137.2,9533740566.7,69836360.0
2016-07-12,140.4,8882703238.9,63799710.0
2016-07-13,139.4,11936715358.2,85670010.0
2016-07-14,140.0,8548643589.6,61352910.0
2016-07-15,138.12,7409018726.0,53551790.0
2016-07-18,139.93,6530213164.9,46932760.0
2016-07-19,139.47,7434248905.0,53219980.0
2016-07-20,138.57,8794446158.8,63451000.0
2016-07-21,138.5,4499550437.9,32417720.0
2016-07-22,137.8,4645892258.2,33621130.0
2016-07-25,136.0,6428929124.3,47091610.0
2016-07-26,135.75,8772155248.3,65112170.0
2016-07-27,136.9,8528063308.6,62463270.0
2016-07-28,136.85,7686835854.3,56411550.0
2016-07-29,139.15,8166313934.7,59193890.0
2016-08-01,138.52,6565167416.9,47153870.0
2016-08-02,135.06,7808393550.0,57230140.0
2016-08-03,135.73,6328788314.9,46790060.0
2016-08-04,137.14,5698835374.4,41613130.0
2016-08-05,138.69,6151186763.5,44500460.0
2016-08-08,139.45,6061657241.3,43544440.0
2016-08-09,139.2,7283674749.7,52334380.0
2016-08-10,138.3,5032212517.9,36208220.0
2016-08-11,139.7,5325949295.1,38363080.0
2016-08-12,139.45,6222735593.4,44408570.0
2016-08-15,139.5,5623714089.0,40246250.0
2016-08-16,138.1,9059860088.6,64976850.0
2016-08-17,138.44,5908783673.8,42754590.0
2016-08-18,137.0,8579821231.5,62192110.0
2016-08-19,135.8,5799467960.0,42601100.0
2016-08-22,137.37,6466022031.4,47528400.0
2016-08-23,140.35,8229179028.6,59224560.0
2016-08-24,139.5,6481145528.9,46466330.0
2016-08-25,142.84,10719591847.0,76078810.0
2016-08-26,145.25,10863680090.1,75195700.0
2016-08-29,143.55,6536269238.9,45656960.0
2016-08-30,143.18,7287590705.2,50500270.0
2016-08-31,143.5,6488417705.3,45305830.0
2016-09-01,144.25,6053333272.3,41963100.0
2016-09-02,146.88,7841954397.6,53845560.0
2016-09-05,149.5,8877792792.3,59600300.0
2016-09-06,150.64,9039695232.9,60199870.0
2016-09-07,154.33,14653031148.6,95300490.0
2016-09-08,153.45,9978053627.1,64752830.0
2016-09-09,151.6,5133201463.2,33786550.0
2016-09-12,151.43,8434637360.6,56124240.0
2016-09-13,149.8,5435302608.3,36177590.0
2016-09-14,150.86,5826750811.6,38730080.0
2016-09-15,149.14,6731783060.1,45152290.0
2016-09-16,147.0,7409457744.0,49929080.0
2016-09-19,148.66,5808871221.6,38986370.0
2016-09-20,149.3,5213689011.3,35197210.0
2016-09-21,150.67,6611184133.7,43825610.0
2016-09-22,154.18,10131896102.7,66192510.0
2016-09-23,151.5,7765907039.4,51201870.0
2016-09-26,149.1,7818522520.6,52078570.0
2016-09-27,147.53,5998627260.4,40476550.0
2016-09-28,147.18,5973613428.0,40322000.0
2016-09-29,148.47,8485757408.7,56728010.0
2016-09-30,145.34,8455751298.5,58037520.0
2016-10-03,148.87,7090286397.9,47993880.0
2016-10-04,148.1,6865552494.8,46486550.0
2016-10-05,147.95,5601725481.1,37993810.0
2016-10-06,148.9,4866388391.6,32716690.0
2016-10-07,148.74,7380712145.9,49440170.0
2016-10-10,151.27,5631092388.8,37509660.0
2016-10-11,151.3,7032753973.4,46387240.0
2016-10-12,149.2,5305198096.4,35366250.0
2016-10-13,146.09,7760710426.3,52838360.0
2016-10-14,146.73,5459815705.3,37124120.0
2016-10-17,146.46,6234270452.3,42616240.0
2016-10-18,147.74,4870287968.4,32955000.0
2016-10-19,148.6,4738949483.2,31874420.0
2016-10-20,148.26,5082478516.3,34266570.0
2016-10-21,148.42,3456893308.2,23329810.0
2016-10-24,149.15,5608731106.3,37453910.0
2016-10-25,151.57,5466790141.6,36161040.0
2016-10-26,150.67,5414104154.2,35952060.0
2016-10-27,149.3,4326960565.7,28739200.0
2016-10-28,149.2,3343459651.7,22418130.0
2016-10-31,147.4,4100490194.0,27721920.0
2016-11-01,145.85,6501240496.6,44168710.0
2016-11-02,142.36,8644900131.6,60205670.0
2016-11-03,142.75,5753684844.6,40341340.0
2016-11-07,143.4,4665939140.2,32443490.0
2016-11-08,146.11,5425398366.0,37347690.0
2016-11-09,151.04,15190552602.5,102394650.0
2016-11-10,153.36,15449708503.1,100426420.0
2016-11-11,151.51,10594648321.2,69515020.0
2016-11-14,150.4,7182081900.5,47655170.0
2016-11-15,149.85,7601280974.3,50518750.0
2016-11-16,149.94,5386536072.9,35759620.0
2016-11-17,149.75,5651003392.7,37684570.0
2016-11-18,150.05,4100987357.0,27291020.0
2016-11-21,153.0,6102842031.8,40030400.0
2016-11-22,155.0,10616520476.9,68572050.0
2016-11-23,155.23,5636722764.2,36365060.0
2016-11-24,161.15,10912692925.7,68795980.0
2016-11-25,160.36,11120256119.7,69148720.0
2016-11-28,159.4,5354176567.4,33551380.0
2016-11-29,158.07,7827999916.0,49350470.0
2016-11-30,158.7,9909089628.3,62385780.0
2016-12-01,158.7,7053298659.9,44384190.0
2016-12-02,159.4,8365507532.4,52755790.0
2016-12-05,162.02,9139237895.5,56633080.0
2016-12-06,159.35,7601322082.3,47160440.0
2016-12-07,159.95,7502503249.5,46914440.0
2016-12-08,168.98,16224009729.6,98187850.0
2016-12-09,169.66,12605057701.0,74497920.0
2016-12-12,175.4,20082774584.9,114401460.0
2016-12-13,176.9,11293028296.1,64580090.0
2016-12-14,173.7,9373676243.5,53848710.0
2016-12-15,174.92,12988013102.7,75039220.0
2016-12-16,173.9,8766862602.3,50133300.0
2016-12-19,174.3,5976308452.3,34213020.0
2016-12-20,175.9,5532589587.8,31563470.0
2016-12-21,174.71,16487999994.5,92678660.0
2016-12-22,170.0,11520496732.0,67004190.0
2016-12-23,171.15,6360131652.8,37355710.0
2016-12-26,171.97,3658712860.7,21221200.0
2016-12-27,172.27,3402019712.0,19784040.0
2016-12-28,170.1,6363289458.9,37022030.0
2016-12-29,171.3,8429269980.0,49661210.0
2016-12-30,173.25,6088303588.4,35427000.0
2017-01-03,180.12,9609078356.4,53890400.0
2017-01-04,175.95,7305516105.8,41400710.0
2017-01-05,171.9,6109242773.7,35093040.0
2017-01-06,170.69,6065097940.3,35415590.0
2017-01-09,168.35,5977865131.5,35187380.0
2017-01-10,171.6,10071297927.3,58874120.0
2017-01-11,169.05,9012624271.8,52772790.0
2017-01-12,168.27,8442987495.6,49854940.0
2017-01-13,164.9,14304593966.6,85990570.0
2017-01-16,164.66,6218640885.2,37577470.0
2017-01-17,165.98,7583759716.1,45968310.0
2017-01-18,165.24,7051446491.7,42479900.0
2017-01-19,166.3,6375017242.4,38478840.0
2017-01-20,167.49,5439248605.5,32581460.0
2017-01-23,166.75,6047501657.5,36457470.0
2017-01-24,170.25,7685357888.0,45397860.0
2017-01-25,170.26,7244601704.1,42543080.0
2017-01-26,173.79,9680053074.7,56105000.0
2017-01-27,178.92,12474937132.1,71123150.0
2017-01-30,174.6,8087212526.2,45935720.0
2017-01-31,172.2,8049700034.0,46486680.0
2017-02-01,173.9,7317581391.2,42252780.0
2017-02-02,172.83,5380063370.9,31064430.0
2017-02-03,173.8,6026290634.9,34744860.0
2017-02-06,172.87,5881045286.4,33943730.0
2017-02-07,173.47,5795780887.6,33506000.0
2017-02-08,171.2,5719832547.9,33314310.0
2017-02-09,168.8,8265496689.9,48730500.0
2017-02-10,165.5,9906222029.1,59337100.0
2017-02-13,164.7,8747119742.3,53028170.0
2017-02-14,162.7,8876852540.2,54466800.0
2017-02-15,163.5,11242527834.7,68808530.0
2017-02-16,166.49,7301058057.2,44328980.0
2017-02-17,165.49,5402840339.5,32616900.0
2017-02-20,165.44,4461326090.5,26986270.0
2017-02-21,167.0,6625621596.3,39649880.0
2017-02-22,165.9,6767903223.5,40662980.0
2017-02-24,165.51,4941136901.3,29704800.0
2017-02-27,160.95,6832437625.0,41947190.0
2017-02-28,156.0,10715464371.7,67919290.0
2017-03-01,160.0,9933849228.5,62258970.0
2017-03-02,163.4,10627718572.8,65453580.0
2017-03-03,164.4,6251135565.2,38242710.0
2017-03-06,162.0,6051572005.1,36845090.0
2017-03-07,160.98,7207037205.9,44866990.0
2017-03-09,156.2,10053776691.9,63696720.0
2017-03-10,157.5,8097090719.7,51296630.0
2017-03-13,158.92,5408217253.6,34087370.0
2017-03-14,157.42,9425744051.6,59200290.0
2017-03-15,156.2,7697717656.1,48858400.0
2017-03-16,158.35,10847183757.8,68322520.0
2017-03-17,161.15,10530193716.3,65470090.0
2017-03-20,163.8,6756721100.8,41497240.0
2017-03-21,162.98,6540331822.4,39831880.0
2017-03-22,162.92,6586523211.4,40877170.0
2017-03-23,164.15,6332000331.6,38722220.0
2017-03-24,164.52,5442276482.8,33041260.0
2017-03-27,162.69,5747342963.7,35418700.0
2017-03-28,163.66,4971819967.0,30489200.0
2017-03-29,163.22,4275633841.6,26160370.0
2017-03-30,163.5,3981999668.3,24410850.0
2017-03-31,159.8,5094871408.6,31639970.0
2017-04-03,161.8,5287146510.1,32726400.0
2017-04-04,163.5,3789024448.8,23333230.0
2017-04-05,168.1,9623815655.2,57753380.0
2017-04-06,167.49,4090698387.9,24422020.0
2017-04-07,161.49,9744745429.1,59739010.0
2017-04-10,155.2,11548278934.7,73718410.0
2017-04-11,156.0,8379332854.4,53342100.0
2017-04-12,150.28,8168758811.2,53279800.0
2017-04-13,152.0,10616261149.1,70013640.0
2017-04-14,149.24,3772556350.9,25092420.0
2017-04-17,153.99,7312223641.2,48418090.0
2017-04-18,153.4,9373104156.1,60882590.0
2017-04-19,153.6,6006368511.9,38955390.0
2017-04-20,158.21,9967956368.9,64127430.0
2017-04-21,159.59,9113848242.0,57187090.0
2017-04-24,162.5,7795803533.7,48021380.0
2017-04-25,162.55,6588171646.1,40534410.0
2017-04-26,165.05,8068611971.9,49259630.0
2017-04-27,164.69,7193390744.4,43712420.0
2017-04-28,165.2,6771043231.3,40999710.0
2017-05-02,166.64,7109603271.5,42498180.0
2017-05-03,164.71,5532940128.1,33570350.0
2017-05-04,165.5,6238052591.8,37623080.0
2017-05-05,165.8,5861269525.6,35495540.0
2017-05-10,170.8,7853777784.0,46474510.0
2017-05-11,169.97,9667508132.2,56593530.0
2017-05-12,167.7,6286902322.8,37355540.0
2017-05-15,171.35,8000111823.7,47099400.0
2017-05-16,170.66,6359705115.8,37205990.0
2017-05-17,169.24,5972642510.9,35218260.0
2017-05-18,166.5,9558033922.9,57482410.0
2017-05-19,168.87,6132186211.4,36552330.0
2017-05-22,168.03,5002659619.9,29679120.0
2017-05-23,166.31,6593755611.6,39501140.0
2017-05-24,165.7,7755908057.5,46891970.0
2017-05-25,164.05,5674501383.3,34373440.0
2017-05-26,160.7,7439429996.2,46062750.0
2017-05-29,163.9,4678437609.3,28741460.0
2017-05-30,161.64,3676741724.7,22672890.0
2017-05-31,155.93,11701550678.4,74365770.0
2017-06-01,153.0,7814012596.7,50590080.0
2017-06-02,157.14,10112574850.5,65420920.0
2017-06-05,154.7,7623722591.3,48595070.0
2017-06-06,152.8,5331165014.9,34673910.0
2017-06-07,152.82,6710167151.8,43663590.0
2017-06-08,151.93,10234476574.8,67991950.0
2017-06-09,150.13,6868686564.2,45312560.0
2017-06-13,146.0,7800680365.8,53389650.0
2017-06-14,143.0,8399759584.7,58225630.0
2017-06-15,139.0,25298287188.4,183326250.0
2017-06-16,141.63,11234952215.4,79690200.0
2017-06-19,145.0,7954274311.3,55251940.0
2017-06-20,144.9,8611404258.6,58990950.0
2017-06-21,143.49,6907295034.7,48036300.0
2017-06-22,144.25,7843783759.4,54360770.0
2017-06-23,144.1,6126589053.9,42333900.0
2017-06-26,144.49,6705611153.0,46189970.0
2017-06-27,147.1,7436593075.2,51070850.0
2017-06-28,145.5,6695923001.6,45975150.0
2017-06-29,143.8,7089870660.9,48806780.0
2017-06-30,145.59,9782692507.9,67210520.0
2017-07-03,147.5,5655804978.8,38410910.0
2017-07-04,149.39,5979632355.9,40165050.0
2017-07-05,148.96,7176145870.6,48191260.0
2017-07-06,150.35,7747127175.5,51568300.0
2017-07-07,152.16,8634577444.2,57150370.0
2017-07-10,155.0,9810656700.2,63627110.0
2017-07-11,156.91,8930678023.5,57224430.0
2017-07-12,160.85,11246061319.3,70426950.0
2017-07-13,159.94,11501665989.3,71818670.0
2017-07-14,161.4,7029017854.2,43599590.0
2017-07-17,161.98,6484399938.7,40217710.0
2017-07-18,161.7,5899017037.7,36470090.0
2017-07-19,164.34,9184589048.0,56474420.0
2017-07-20,163.93,6885473178.6,41944460.0
2017-07-21,162.1,5698252930.7,35022910.0
2017-07-24,161.33,9238717282.1,57495790.0
2017-07-25,160.22,6948155291.2,43210700.0
2017-07-26,161.55,6873477732.4,42613080.0
2017-07-27,166.0,9084783029.6,55346350.0
2017-07-28,165.4,8239426338.6,50132670.0
2017-07-31,164.53,9216446332.4,55781520.0
2017-08-01,166.31,9250912286.6,55355180.0
2017-08-02,169.9,9333571917.6,55341010.0
2017-08-03,170.0,9574768188.3,56318760.0
2017-08-04,169.73,4613134895.7,27204000.0
2017-08-07,172.79,6110748025.5,35533610.0
2017-08-08,175.75,8806524274.8,50529650.0
2017-08-09,173.4,8522505060.2,49021230.0
2017-08-10,172.2,5194393409.9,30020500.0
2017-08-11,172.05,10364213054.1,60812390.0
2017-08-14,172.51,5339481719.5,30902070.0
2017-08-15,172.33,5211983477.8,30384890.0
2017-08-16,173.05,7287122720.5,41837570.0
2017-08-17,172.72,4513165987.6,26052310.0
2017-08-18,169.5,8890463726.8,52379100.0
2017-08-21,169.9,6238468270.8,36731730.0
2017-08-22,171.0,6465128071.4,37858620.0
2017-08-23,175.3,9627578520.5,55467190.0
2017-08-24,179.8,14044293824.0,78590210.0
2017-08-25,180.51,12440671465.5,68786620.0
2017-08-28,181.85,5055616286.3,27960960.0
2017-08-29,181.89,8319540730.1,46130680.0
2017-08-30,183.5,8882331416.9,48548970.0
2017-08-31,183.51,11869911146.0,64267180.0
2017-09-01,183.66,6320541804.0,34360100.0
2017-09-04,184.1,4711229335.5,25717510.0
2017-09-05,184.14,6327488789.8,34342180.0
2017-09-06,183.12,6113254317.9,33518200.0
2017-09-07,184.0,8419722993.1,45668560.0
2017-09-08,185.89,11256739559.0,60690500.0
2017-09-11,190.5,11688734683.6,61682280.0
2017-09-12,189.32,9573649158.0,50535740.0
2017-09-13,189.1,9062166438.5,47811940.0
2017-09-14,188.64,7136047587.4,38052220.0
2017-09-15,188.75,8426981292.5,44784370.0
2017-09-18,188.04,5576643004.0,29580440.0
2017-09-19,184.85,7684352559.8,41401170.0
2017-09-20,186.47,9221486589.1,50034550.0
2017-09-21,187.38,7749064795.6,41621350.0
2017-09-22,187.55,7011588236.0,37307660.0
2017-09-25,191.2,12166229937.5,64177070.0
2017-09-26,192.54,15914348284.3,82080300.0
2017-09-27,193.7,10618991613.5,55030940.0
2017-09-28,191.96,7542998039.0,39113080.0
2017-09-29,192.33,5060521165.2,26325570.0
2017-10-02,193.0,6933205489.9,35954810.0
2017-10-03,192.5,5533682367.3,28657490.0
2017-10-04,192.03,5091932728.1,26536580.0
2017-10-05,193.74,9467430262.4,49466550.0
2017-10-06,194.16,10227435466.8,52399740.0
2017-10-09,194.0,5373260236.2,27756660.0
2017-10-10,193.21,3453485572.4,17832400.0
2017-10-11,195.83,11337850688.3,58002000.0
2017-10-12,195.51,6850694986.5,34969250.0
2017-10-13,196.48,5962001329.7,30338910.0
2017-10-16,197.7,5333954891.7,26979280.0
2017-10-17,197.2,5170771493.8,26239760.0
2017-10-18,195.31,8523636778.7,43547040.0
2017-10-19,192.2,7802313456.9,40359720.0
2017-10-20,192.97,5602132932.1,29002730.0
2017-10-23,192.34,5174666170.8,26949880.0
2017-10-24,192.5,5416523676.0,28262140.0
2017-10-25,192.04,6243911711.2,32303420.0
2017-10-26,192.75,4929054253.0,25634660.0
2017-10-27,196.05,9095128102.3,46796590.0
2017-10-30,195.0,6277844957.2,31936710.0
2017-10-31,193.8,5001491660.8,25643690.0
2017-11-01,194.05,7883144194.5,40292630.0
2017-11-02,193.85,6542124745.6,33747050.0
2017-11-03,193.8,5948715074.4,30615880.0
2017-11-07,205.96,27335227905.6,135174410.0
2017-11-08,209.09,18463478162.5,88294790.0
2017-11-09,220.05,25131078100.0,116648980.0
2017-11-10,217.7,31904349106.4,143570000.0
2017-11-13,216.61,11138678402.6,50943980.0
2017-11-14,221.4,10103261935.0,45905390.0
2017-11-15,225.95,16229168442.8,72212510.0
2017-11-16,227.5,19176265125.3,85863110.0
2017-11-17,225.65,8573514177.6,37958790.0
2017-11-20,224.6,4231160320.3,18853280.0
2017-11-21,231.0,17837960781.3,77573460.0
2017-11-22,230.25,10595939291.9,45932160.0
2017-11-23,225.56,9330357961.4,41140440.0
2017-11-24,228.0,9997172091.8,44277250.0
2017-11-27,226.76,5436342465.1,24026270.0
2017-11-28,230.0,9262559734.9,40901370.0
2017-11-29,228.2,7856818233.2,34340960.0
2017-11-30,224.35,10404361757.6,46122870.0
2017-12-01,221.5,8919211002.8,39983910.0
2017-12-04,224.6,10084238647.7,45155240.0
2017-12-05,223.91,6225542245.0,27885630.0
2017-12-06,223.75,5176844772.0,23136530.0
2017-12-07,219.81,8479226905.0,38228880.0
2017-12-08,220.89,6278494763.3,28324950.0
2017-12-11,227.69,7755866513.4,34539660.0
2017-12-12,227.9,9044519248.3,39739590.0
2017-12-13,221.8,13761226490.9,61576220.0
2017-12-14,229.9,12545681252.0,55632890.0
2017-12-15,226.53,9655337244.7,42529200.0
2017-12-18,227.4,5575586274.9,24519570.0
2017-12-19,224.1,7890943719.4,34991830.0
2017-12-20,226.0,7701499395.7,34199080.0
2017-12-21,223.6,7806001248.3,34750260.0
2017-12-22,221.44,4796035917.1,21524310.0
2017-12-25,223.3,2494220546.4,11183210.0
2017-12-26,223.57,2738568877.0,12303590.0
2017-12-27,226.98,6777830976.7,30101220.0
2017-12-28,224.2,5412389520.1,24078940.0
2017-12-29,225.2,4258427864.1,18919860.0
2018-01-03,231.9,7965492945.5,34549620.0
2018-01-04,238.8,12636680510.3,53598520.0
2018-01-05,238.6,7522344750.8,31579190.0
2018-01-09,240.4,12838380465.3,53172330.0
2018-01-10,237.76,9385276735.3,39371720.0
2018-01-11,239.0,10274507103.4,43067630.0
2018-01-12,237.75,7339741596.7,30895860.0
2018-01-15,238.85,6151337444.2,25681720.0
2018-01-16,239.64,6069314437.4,25475380.0
2018-01-17,239.82,7276929107.2,30522070.0
2018-01-18,245.5,15651374942.1,64156650.0
2018-01-19,242.45,9462424478.8,38996990.0
2018-01-22,243.99,6102771561.7,25098970.0
2018-01-23,244.4,10724474488.7,43978210.0
2018-01-24,247.53,7647834295.8,31180190.0
2018-01-25,250.64,13740592645.9,54995210.0
2018-01-26,247.0,8754426151.2,35231900.0
2018-01-29,250.48,12259122499.7,49186400.0
2018-01-30,257.8,16754724883.5,65622240.0
2018-01-31,264.5,16694138298.3,63707920.0
2018-02-01,263.2,19395482749.2,73041240.0
2018-02-02,257.32,16805694656.1,64657160.0
2018-02-05,255.64,11768053139.0,45926950.0
2018-02-06,258.94,21953001683.1,85982110.0
2018-02-07,257.58,13917928181.3,53641050.0
2018-02-08,253.19,9527070895.6,37198300.0
2018-02-09,250.11,20370941955.7,81984710.0
2018-02-12,255.05,10645020978.5,41817940.0
2018-02-13,258.3,11238470863.2,43733360.0
2018-02-14,262.03,15763726021.8,60442410.0
2018-02-15,264.58,16211373017.0,60907490.0
2018-02-16,266.99,13788133927.1,51931210.0
2018-02-19,266.85,6458738857.4,24171390.0
2018-02-20,267.22,6594929915.5,24750090.0
2018-02-21,279.2,19223116848.6,70374070.0
2018-02-22,277.49,14071809466.0,50751740.0
2018-02-26,279.97,19103957521.4,67733260.0
2018-02-27,278.21,11149945984.2,40006960.0
2018-02-28,272.4,14554640001.7,53012950.0
2018-03-01,275.0,10691698615.5,38979860.0
2018-03-02,273.0,12489442956.1,46027880.0
2018-03-05,277.0,9442568170.3,34109000.0
2018-03-06,274.03,11265464852.1,40605460.0
2018-03-07,274.0,13634404795.2,49998920.0
2018-03-09,274.6,7181079006.5,26351860.0
2018-03-12,274.3,6526543548.9,23710370.0
2018-03-13,273.95,9496963452.9,34643840.0
2018-03-14,262.5,16544068953.4,61779660.0
2018-03-15,254.51,20242222423.6,78054390.0
2018-03-16,256.15,23374275592.7,91870960.0
2018-03-19,255.0,10847095189.2,42502100.0
2018-03-20,257.15,15999128102.2,62966810.0
2018-03-21,268.88,18522801736.3,69909930.0
2018-03-22,265.5,14868236050.4,55550150.0
2018-03-23,262.0,12131991833.5,46285060.0
2018-03-26,255.0,14801208311.8,56903720.0
2018-03-27,258.0,11573145804.9,45163380.0
2018-03-28,251.5,11059600247.6,43754240.0
2018-03-29,252.9,8537556290.3,33625120.0
2018-03-30,253.57,2769490405.2,10912160.0
2018-04-02,249.99,9030804058.1,35436630.0
2018-04-03,251.6,15893637625.9,63806710.0
2018-04-04,255.69,13132589219.5,52051840.0
2018-04-05,262.0,13715850969.4,52779220.0
2018-04-06,256.76,10442622618.6,40256090.0
2018-04-09,213.0,56367801633.7,250018990.0
2018-04-10,214.8,53263816178.4,253346870.0
2018-04-11,208.0,39537872546.91,185659760.0
2018-04-12,212.21,27108143591.5,126954920.0
2018-04-13,204.7,22455471964.5,106926900.0
2018-04-16,192.06,39538854703.2,199704860.0
2018-04-17,207.5,34626781541.2,169904570.0
2018-04-18,215.87,37412604604.2,174039490.0
2018-04-19,213.45,29060746448.2,133533840.0
2018-04-20,215.36,12403515337.1,57871710.0
2018-04-23,223.25,25595003152.1,116947630.0
2018-04-24,223.0,18905942308.9,83961110.0
2018-04-25,220.45,15380847119.1,69675890.0
2018-04-26,220.7,16070884559.3,73277610.0
2018-04-27,223.91,18162835383.4,81940000.0
2018-04-28,224.8,2307677737.1,10314450.0
2018-04-30,226.99,8865824262.0,39358910.0
2018-05-02,229.02,9102861491.9,40017840.0
2018-05-03,228.03,18372579814.6,79625270.0
2018-05-04,228.55,10993598018.3,48163140.0
2018-05-07,229.86,8597499600.1,37271570.0
2018-05-08,226.7,12674910859.6,55972540.0
2018-05-10,233.7,16721207227.5,72199030.0
2018-05-11,235.72,13007734693.5,55080740.0
2018-05-14,237.8,8203151990.1,34774680.0
2018-05-15,231.39,12376593219.3,53009530.0
2018-05-16,229.8,16095019363.6,70162450.0
2018-05-17,226.05,9918244022.6,43455710.0
2018-05-18,222.2,13600146228.6,60330030.0
2018-05-21,226.21,8784476449.5,38991090.0
2018-05-22,225.6,9754702136.8,43268320.0
2018-05-23,221.0,10855542413.4,48854650.0
2018-05-24,222.01,8267685632.3,37214260.0
2018-05-25,220.0,11082473200.7,50137840.0
2018-05-28,220.9,5113158836.1,23187310.0
2018-05-29,219.0,7867194173.0,35940720.0
2018-05-30,221.01,10697722207.6,48626980.0
2018-05-31,222.36,14989081289.6,67415130.0
2018-06-01,220.0,7848174673.3,35532280.0
2018-06-04,220.0,7117569831.1,32256200.0
2018-06-05,215.56,11171799385.9,51368750.0
2018-06-06,217.9,7767477577.0,35857770.0
2018-06-07,216.41,7089408354.8,32483420.0
2018-06-08,210.95,14448389955.6,67632240.0
2018-06-09,212.6,1383573525.6,6508460.0
2018-06-11,210.35,5959527279.0,28263970.0
2018-06-13,215.0,10377946438.5,48675610.0
2018-06-14,214.0,9206055870.5,42732410.0
2018-06-15,209.36,18119021697.3,86209880.0
2018-06-18,206.3,11281089544.1,54276700.0
2018-06-19,206.0,10546994272.9,51734620.0
2018-06-20,212.2,12856341206.2,60991640.0
2018-06-21,210.4,13757767116.0,65102970.0
2018-06-22,214.43,14362327011.3,67568430.0
2018-06-25,202.51,11560070651.5,56516980.0
2018-06-26,199.91,11019915597.7,54747990.0
2018-06-27,207.95,16591642196.8,81134770.0
2018-06-28,208.5,9801017784.2,46877330.0
2018-06-29,218.0,16514311408.9,76707660.0
2018-07-02,221.01,12152067497.8,55213130.0
2018-07-03,218.45,8426922399.4,38401730.0
2018-07-04,217.7,4421169044.0,20277940.0
2018-07-05,224.54,11927171467.9,53737300.0
2018-07-06,226.71,12416711754.1,55247910.0
2018-07-09,230.0,11513207998.0,50069820.0
2018-07-10,230.3,9974921055.3,43340410.0
2018-07-11,227.57,13187757321.9,58161000.0
2018-07-12,226.6,9180986134.9,40488130.0
2018-07-13,229.85,9081249005.9,39651270.0
2018-07-16,227.99,8145377907.2,35579630.0
2018-07-17,222.5,13946206433.7,62586090.0
2018-07-18,216.28,13395859259.5,61197290.0
2018-07-19,207.5,19642138459.1,93333130.0
2018-07-20,204.34,26069626365.4,126702190.0
2018-07-23,208.42,11542249816.0,55275810.0
2018-07-24,215.45,11520923113.7,54142290.0
2018-07-25,213.7,16305810193.2,76868200.0
2018-07-26,210.0,12669519530.3,59754670.0
2018-07-27,208.9,12215218671.4,58628430.0
2018-07-30,211.33,10183314051.5,48372730.0
2018-07-31,214.86,9645869387.4,45260950.0
2018-08-01,210.6,8003945324.7,37666650.0
2018-08-02,206.6,12096301708.0,58115220.0
2018-08-03,202.21,15078114121.4,74165120.0
2018-08-06,203.9,10713771392.2,52730870.0
2018-08-07,201.79,12415871976.1,60553370.0
2018-08-08,193.2,27790876784.1,142075030.0
2018-08-09,195.9,30284614702.7,160336490.0
2018-08-10,186.15,21618274957.1,113592570.0
2018-08-13,190.0,20128588961.3,106701070.0
2018-08-14,192.76,15858852181.8,82753490.0
2018-08-15,187.98,14725840102.6,77725280.0
2018-08-16,191.6,10404303397.5,54684020.0
2018-08-17,189.55,8610449552.0,45242690.0
2018-08-20,191.2,9500055126.9,49443050.0
2018-08-21,191.8,7701782573.9,40349600.0
2018-08-21,191.8,7701782573.9,40349600.0
2018-08-22,187.8,12651411162.5,66396800.0
2018-08-23,178.71,27065677929.2,147648980.0
2018-08-24,180.39,23457535153.0,133262230.0
2018-08-27,183.27,9436364424.6,51721470.0
2018-08-28,182.0,9080653589.9,49610370.0
2018-08-29,183.5,7182618810.7,39285100.0
2018-08-30,178.0,12019920144.6,66285490.0
2018-08-31,182.0,11442463693.3,63814120.0
2018-09-03,181.21,5674285972.0,31275240.0
2018-09-04,179.5,10220677869.6,56794110.0
2018-09-05,178.46,7999914277.0,44505050.0
2018-09-06,175.0,8793444616.0,49419910.0
2018-09-07,174.9,12023114397.0,68532820.0
2018-09-10,171.21,13361792221.8,77730540.0
2018-09-11,169.36,15752300258.0,93278700.0
2018-09-12,173.9,16178029284.8,93574140.0
2018-09-13,183.5,35718530627.1,194912360.0
2018-09-14,188.71,23811121559.5,127908270.0
2018-09-17,188.11,12657495056.9,67025000.0
2018-09-18,191.65,15935602842.5,83601870.0
2018-09-19,193.9,11765790485.2,61065690.0
2018-09-20,191.16,25907671831.7,133004440.0
2018-09-21,193.44,20987085349.6,109182050.0
2018-09-24,198.75,14980862393.8,76000500.0
2018-09-24,198.75,14980862393.8,76000500.0
2018-09-25,195.55,17816394892.2,90058270.0
2018-09-26,195.79,12107685829.7,61988530.0
2018-09-27,204.1,20287763496.9,101333900.0
2018-09-28,203.32,20640002411.7,101839410.0
2018-10-01,204.2,11200731324.1,55013680.0
2018-10-02,199.5,15967060127.3,79003430.0
2018-10-03,198.3,15326875712.8,76679890.0
2018-10-04,189.35,16889190425.7,87451180.0
2018-10-05,187.2,19431049586.3,103279820.0
2018-10-08,191.85,15450505217.0,82502650.0
2018-10-09,191.25,16579437585.2,86121280.0
2018-10-10,189.89,12901659213.4,67336620.0
2018-10-11,185.27,23161160055.1,125364360.0
2018-10-12,191.85,11967488185.0,63093510.0
2018-10-15,190.92,10382085271.3,54220850.0
2018-10-16,196.05,12322929981.2,64061080.0
2018-10-17,194.05,15439909926.6,79027880.0
2018-10-18,191.0,9497146513.4,49394850.0
2018-10-19,183.8,18187314080.4,96950320.0
2018-10-22,180.7,17068259418.5,92854160.0
2018-10-23,181.0,13991339614.5,77903480.0
2018-10-24,188.01,19832667501.9,106814960.0
2018-10-25,186.71,14912998515.9,80112060.0
2018-10-26,181.0,16813560687.7,92868230.0
2018-10-26,181.0,16813560687.7,92868230.0
2018-10-29,185.59,11281052334.4,61368040.0
2018-10-30,184.78,11277603675.4,61227000.0
2018-10-31,189.8,12501637020.5,66890490.0
2018-11-01,188.67,14659260131.4,77588390.0
2018-11-02,192.6,13275834208.1,69325930.0
2018-11-06,197.8,12927016495.6,65904630.0
2018-11-07,201.9,19697287441.3,98634400.0
2018-11-08,202.89,19186262036.4,94736930.0
2018-11-09,195.75,19066752943.8,96097970.0
2018-11-12,196.82,16404774101.4,82362260.0
2018-11-13,196.56,15499378471.0,78638020.0
2018-11-14,199.2,16355808484.3,83071810.0
2018-11-15,200.15,12524407289.2,62376350.0
2018-11-16,199.26,13363158527.7,66434280.0
2018-11-19,197.99,10061923655.3,50559670.0
2018-11-20,194.21,12942993160.1,66392190.0
2018-11-21,197.5,11448733173.5,58475250.0
2018-11-22,199.4,9858727498.9,49731020.0
2018-11-23,197.3,10030443127.2,50984250.0
2018-11-26,188.5,22420557112.3,117412600.0
2018-11-27,191.03,16719755012.7,87812910.0
2018-11-28,190.2,11541818590.3,60383880.0
2018-11-29,195.76,16139491460.5,83234570.0
2018-11-30,194.0,12993600685.9,67411490.0
2018-11-30,194.0,12993600685.9,67411490.0
2018-12-03,200.3,16385948573.4,81820020.0
2018-12-04,199.0,11528970773.3,58006750.0
2018-12-05,196.0,9734457940.7,49771400.0
2018-12-06,192.19,12399197206.1,64556990.0
2018-12-07,195.01,12433246380.4,64007740.0
2018-12-10,191.8,11891150325.9,61815010.0
2018-12-11,192.57,10537857037.9,54872050.0
2018-12-12,190.45,9785365619.1,50988040.0
2018-12-13,189.17,8266209067.4,43510520.0
2018-12-14,184.93,13613007249.8,73307750.0
2018-12-17,182.3,11052002008.7,59876690.0
2018-12-18,186.6,14678476272.8,80342620.0
2018-12-19,188.85,11576233463.1,61953220.0
2018-12-20,189.3,16685397398.5,88123070.0
2018-12-21,186.79,11346374195.8,60633190.0
2018-12-24,184.3,6022072846.5,32587550.0
2018-12-25,183.3,6298604219.7,34732450.0
2018-12-26,183.4,5541701129.1,30129900.0
2018-12-27,185.0,8820686720.4,47527120.0
2018-12-28,186.5,7418966648.8,39831090.0
2018-12-29,186.3,1705839164.6,9167600.0
2019-01-03,186.99,7606839232.6,40249190.0
2019-01-04,190.99,6178982723.2,32583360.0
2019-01-08,191.24,7439747926.7,38856560.0
2019-01-08,191.24,7439747926.7,38856560.0
2019-01-09,197.0,13793750286.7,70707820.0
2019-01-10,196.75,11072132895.5,56378780.0
2019-01-11,196.8,12591455167.1,63811140.0
2019-01-14,196.8,8750022132.0,44774070.0
2019-01-15,198.0,10510647840.0,53217180.0
2019-01-16,201.26,12483769929.2,62469270.0
2019-01-17,203.32,12142891257.6,59989420.0
2019-01-18,208.44,15305706306.9,74335240.0
2019-01-21,207.17,11585526896.5,55523010.0
2019-01-22,207.95,10635473806.4,51361560.0
2019-01-23,210.4,16773945829.3,79765560.0
2019-01-24,212.2,16607825656.3,78537190.0
2019-01-25,212.0,12531962919.7,58844660.0
2019-01-28,209.7,11922142893.0,56537300.0
2019-01-29,213.61,13471004729.3,63963210.0
2019-01-30,213.14,12699037074.2,59319900.0
2019-01-31,217.9,17427452979.0,80344740.0
2019-02-01,216.29,12025357439.1,55512060.0
2019-02-04,215.5,8834464267.9,40925530.0
2019-02-05,217.85,10141679731.1,46690970.0
2019-02-06,216.59,10000436468.6,46155500.0
2019-02-07,211.01,14794746671.6,69248500.0
2019-02-08,210.43,10896313543.1,51799020.0
2019-02-11,214.0,10599898803.9,49657780.0
2019-02-11,214.0,10599898803.9,49657780.0
2019-02-12,219.1,16027207897.2,73724050.0
2019-02-13,213.9,18429888789.7,85228940.0
2019-02-14,204.43,32089490182.2,155830530.0
2019-02-15,208.0,16440157393.8,79213270.0
2019-02-18,204.19,15744768858.2,76658220.0
2019-02-19,202.08,13555179033.4,66705090.0
2019-02-20,206.89,13696412235.1,66813180.0
2019-02-21,203.41,13952696321.2,68159040.0
2019-02-22,205.25,9375758283.4,45768640.0
2019-02-25,205.86,14637840913.3,70929780.0
2019-02-26,205.8,10380382815.4,50829020.0
2019-02-27,205.4,11103169212.5,54146260.0
2019-02-28,207.8,12861351787.8,62340230.0
2019-03-01,206.54,9559048167.2,46106110.0
2019-03-04,205.5,6528156160.1,31661100.0
2019-03-05,202.92,9445365469.6,46422920.0
2019-03-06,205.0,10817493630.0,52940220.0
2019-03-07,203.95,9440119640.4,46079750.0
2019-03-11,205.25,8673746363.1,42484580.0
2019-03-12,205.1,8692197347.6,42292620.0
2019-03-13,206.0,5846626647.6,28536880.0
2019-03-14,203.66,8972775024.4,43879390.0
2019-03-15,203.55,7336045663.3,35953260.0
2019-03-18,205.9,8389470396.4,40854520.0
2019-03-19,207.7,9903533910.2,47791920.0
2019-03-20,209.8,11569085791.0,55535200.0
2019-03-21,210.61,14163016455.2,67037150.0
2019-03-22,207.7,10313343201.3,49421400.0
2019-03-25,214.0,22848249253.9,108111450.0
2019-03-26,218.0,17633502019.4,81466100.0
2019-03-27,214.1,15596522767.4,71996140.0
2019-03-28,215.07,10216959979.2,47565550.0
2019-03-29,214.42,18553632347.3,85814090.0
2019-04-01,217.7,11253074150.2,51803650.0
2019-04-02,218.23,10751708504.0,49230090.0
2019-04-03,219.05,20531098477.6,92738080.0
2019-04-04,221.8,11446112440.2,51964100.0
2019-04-05,227.5,17547675168.7,78052850.0
2019-04-08,232.3,16291618232.9,70857870.0
2019-04-09,238.0,27784863995.4,117431200.0
2019-04-10,243.68,31346391662.0,129370870.0
2019-04-11,238.86,25595059413.5,105413510.0
2019-04-12,239.5,23085050839.9,96227220.0
2019-04-15,237.8,11472210998.8,47884980.0
2019-04-16,233.24,20298807946.6,86433710.0
2019-04-17,234.3,16427399744.4,70239480.0
2019-04-18,232.79,12943427799.9,55729500.0
2019-04-19,232.6,2862831138.4,12300520.0
2019-04-22,235.41,10397459472.8,44282380.0
2019-04-23,235.67,13418935007.5,56873940.0
2019-04-24,236.0,10266634044.4,43619460.0
2019-04-25,227.8,23343816029.6,100809150.0
2019-04-26,223.18,21096827673.8,94128120.0
2019-04-29,228.8,11045122505.5,48833240.0
2019-04-30,225.17,14338585768.1,63461350.0
2019-05-02,229.1,8345545316.6,36536970.0
2019-05-03,232.52,10995571036.2,47635490.0
2019-05-06,232.8,11128064650.4,48493800.0
2019-05-07,231.49,10798164156.9,46520740.0
2019-05-08,230.0,9760522510.4,42299640.0
2019-05-10,227.0,10117567873.4,44398820.0
2019-05-13,224.22,10653573231.2,47092220.0
2019-05-14,227.88,17481625434.6,76594470.0
2019-05-15,228.69,13902878592.5,61125230.0
2019-05-16,228.19,9213037193.4,40133150.0
2019-05-17,226.94,6477834359.6,28523030.0
2019-05-20,226.0,6849501464.9,30226170.0
2019-05-21,232.71,13542510908.4,59079510.0
2019-05-22,235.86,13965801460.5,59430610.0
2019-05-23,229.3,11948509779.5,51517700.0
2019-05-24,234.45,15426776802.8,65885440.0
2019-05-27,236.0,6539312871.4,27786310.0
2019-05-28,233.19,17376341037.5,74118940.0
2019-05-29,233.4,12058285065.1,51831510.0
2019-05-30,232.75,8499588638.8,36413600.0
2019-05-31,233.24,12379239716.0,53532020.0
2019-06-03,239.95,20073174687.7,84461310.0
2019-06-04,236.0,16602617098.4,70060790.0
2019-06-05,239.0,12596463385.2,52861630.0
2019-06-06,244.89,14957128724.6,61360950.0
2019-06-07,248.28,16949585336.6,68423470.0
2019-06-10,249.0,15582010956.3,62696710.0
2019-06-11,235.89,16115167732.3,67944000.0
2019-06-13,240.49,17852206746.3,75253430.0
2019-06-14,238.8,12115076103.7,50409780.0
2019-06-17,237.8,8036458694.4,33622230.0
2019-06-18,241.8,11706132989.0,48958470.0
2019-06-19,240.4,8156723970.1,33945380.0
2019-06-20,244.1,15685985981.2,64381820.0
2019-06-21,238.02,14650470642.3,61061660.0
2019-06-24,239.09,6643127409.0,27723430.0
2019-06-25,236.7,9093981303.5,38549170.0
2019-06-26,240.59,9501367310.9,39714300.0
2019-06-27,240.5,11575678587.9,48171380.0
2019-06-28,238.55,8002503226.7,33405070.0
2019-07-01,242.98,12301680169.7,50758220.0
2019-07-02,241.2,6884237874.5,28583620.0
2019-07-03,241.51,7929103535.0,32731470.0
2019-07-04,242.82,6130734609.1,25316980.0
2019-07-05,242.83,6760464589.7,27870840.0
2019-07-08,243.3,6925195477.3,28620550.0
2019-07-09,242.74,6403927430.2,26380230.0
2019-07-10,243.76,10143952505.1,41599760.0
2019-07-11,241.3,8036453218.6,33165890.0
2019-07-12,237.02,11344426526.7,47691520.0
2019-07-15,235.27,10665551854.6,45070430.0
2019-07-16,234.75,8469613947.2,36223090.0
2019-07-17,234.63,7916484903.5,33529510.0
2019-07-18,234.78,5421952289.0,23057060.0
2019-07-19,232.85,8156962941.6,34706170.0
2019-07-22,230.35,8783436642.4,37949300.0
2019-07-23,232.48,8401389505.7,36363560.0
2019-07-24,230.65,6355386841.4,27365890.0
2019-07-25,232.9,7688444437.3,33078390.0
2019-07-26,230.55,6015905213.4,25918140.0
2019-07-29,232.8,4268129902.1,18373570.0
2019-07-30,236.0,8133168850.2,34843870.0
2019-07-31,233.49,11973417433.7,50848520.0
2019-08-01,229.5,12919251256.6,56165810.0
2019-08-02,220.81,21168981970.1,94676140.0
2019-08-05,222.24,10951329795.7,49233230.0
2019-08-06,226.01,10994183243.5,48804210.0
2019-08-07,222.25,11134426036.8,49612760.0
2019-08-08,223.93,7020281496.8,31264340.0
2019-08-09,220.67,7008035302.4,31503650.0
2019-08-12,222.3,6376561167.9,28795640.0
2019-08-13,223.18,10426580466.8,46729240.0
2019-08-14,217.11,11432328998.1,52025460.0
2019-08-15,214.59,14720511306.4,68320490.0
2019-08-16,215.05,8278137161.1,38449500.0
2019-08-19,217.4,8175727934.7,37788830.0
2019-08-20,216.0,8038759907.7,37017510.0
2019-08-21,218.62,9367396845.4,42949600.0
2019-08-22,219.5,10023740283.8,45760130.0
2019-08-23,219.5,12059412882.8,54778400.0
2019-08-26,218.5,7702639286.0,35264670.0
2019-08-27,217.89,11169112379.1,51340690.0
2019-08-28,218.3,6609291772.3,30298300.0
2019-08-29,221.5,7907146900.3,35897160.0
2019-08-30,224.2,13024846001.0,58186220.0
2019-09-02,226.68,8811801767.0,38941480.0
2019-09-03,224.0,9969137870.0,44560910.0
2019-09-04,227.1,9419148686.7,41663520.0
2019-09-05,230.79,12613786320.0,54900790.0
2019-09-06,229.02,8712649385.2,37942350.0
2019-09-09,229.0,5221598395.5,22795060.0
2019-09-10,233.3,14002586557.4,60396660.0
2019-09-11,234.72,9829198336.9,41927500.0
2019-09-12,234.57,9129512191.0,38978190.0
2019-09-13,233.0,5393664930.4,23109620.0
2019-09-16,235.32,9289730429.8,39568910.0
2019-09-17,235.89,13128176200.8,55770430.0
2019-09-18,235.3,6027760806.6,25599810.0
2019-09-19,234.98,9249295187.2,39447820.0
2019-09-20,232.0,9437218924.6,40638980.0
2019-09-23,229.7,6489165111.7,28199640.0
2019-09-24,227.5,9972579439.1,43410340.0
2019-09-25,228.09,8611835756.0,37974670.0
2019-09-26,229.09,7512187937.8,32739690.0
2019-09-27,228.05,4135961998.5,18062510.0
2019-09-30,227.71,6876686920.8,30235910.0
2019-10-01,226.49,6813487722.8,29870590.0
2019-10-02,223.5,9527050503.5,42441850.0
2019-10-03,224.08,8607791413.8,38368040.0
2019-10-04,222.76,7229037224.3,32222650.0
2019-10-07,227.55,9055294553.1,40155510.0
2019-10-08,226.03,7019632436.8,31019500.0
2019-10-09,227.7,9041797336.5,39714120.0
2019-10-10,228.5,7203071962.8,31717090.0
2019-10-11,230.31,8629478331.8,37497240.0
2019-10-14,228.4,7933452937.8,34628680.0
2019-10-15,229.4,7029710726.6,30763750.0
2019-10-16,231.0,9040056309.4,39214000.0
2019-10-17,233.5,10678748294.1,46007620.0
2019-10-18,235.55,10035121583.6,42729350.0
2019-10-21,234.94,6692570441.0,28457490.0
2019-10-22,239.77,9566243389.4,40298890.0
2019-10-23,239.57,8277292939.0,34655410.0
2019-10-24,242.78,9729515862.3,40384770.0
2019-10-25,240.0,11920857496.5,49789040.0
2019-10-28,237.03,9353118338.7,39049350.0
2019-10-29,240.11,9899718643.9,41494140.0
2019-10-30,239.51,10474892277.3,43597180.0
2019-10-31,234.89,14333282167.9,60316780.0
2019-11-01,236.4,9220837088.0,39229280.0
2019-11-05,238.53,10418811901.4,43691630.0
2019-11-06,239.02,7952301153.2,33409220.0
2019-11-07,242.5,10779450937.4,44689490.0
2019-11-08,240.17,7342414951.4,30570360.0
2019-11-11,241.5,6538637824.3,27141630.0
2019-11-12,239.87,8590798985.9,35518510.0
2019-11-13,237.21,7473242462.4,31448020.0
2019-11-14,237.5,8160757018.1,34330750.0
2019-11-15,240.0,7323638859.0,30696890.0
2019-11-18,237.45,7861032604.7,32959720.0
2019-11-19,239.25,6958331286.1,29135880.0
2019-11-20,237.78,6694764012.7,28102170.0
2019-11-21,237.15,5837423118.4,24654430.0
2019-11-22,238.13,8001650684.8,33570690.0
2019-11-25,237.98,4183426976.6,17558180.0
2019-11-26,235.0,13740719377.8,58341360.0
2019-11-27,234.22,5141770254.6,21885350.0
2019-11-28,235.2,4418997771.4,18855690.0
2019-11-29,233.98,6370105736.3,27285350.0
2019-12-02,233.77,6622698810.4,28216350.0
2019-12-03,230.66,6181173482.9,26687260.0
2019-12-04,231.59,5621094961.8,24314550.0
2019-12-05,231.71,5353284865.8,23210580.0
2019-12-06,235.14,7777357128.9,33286170.0
2019-12-09,237.04,7503116033.1,31774040.0
2019-12-10,237.91,8592139689.9,36098910.0
2019-12-11,240.32,10612153788.4,44167850.0
2019-12-12,241.05,8731105191.4,36174650.0
2019-12-13,241.21,8026327875.7,33163750.0
2019-12-16,241.45,6186560505.6,25624180.0
2019-12-17,241.6,8187207941.9,33841520.0
2019-12-18,246.2,13601102505.0,55765490.0
2019-12-19,244.0,14726176097.4,59951760.0
2019-12-20,244.71,8059444818.5,32957750.0
2019-12-23,248.8,5921982333.9,23996810.0
2019-12-24,248.67,5237753854.0,21062040.0
2019-12-25,248.04,1964919964.3,7921260.0
2019-12-26,248.24,3220751527.7,12989080.0
2019-12-27,252.06,8018118071.0,31982760.0
2019-12-30,254.75,10959893255.5,43157360.0
2020-01-03,255.0,9165474633.3,35851840.0
2020-01-06,253.9,5646009935.8,22348300.0
2020-01-08,259.15,10485882097.9,40817240.0
2020-01-09,257.99,9936032087.9,38329020.0
2020-01-10,258.19,4864405366.3,18851390.0
2020-01-13,262.4,6719255698.1,25855010.0
2020-01-14,259.05,8103825686.4,31125740.0
2020-01-15,256.31,12661740755.8,49361790.0
2020-01-16,257.51,10367670370.1,40246770.0
2020-01-17,262.5,11730973230.7,44914290.0
2020-01-20,266.28,7891039716.6,29797710.0
2020-01-21,268.06,10116243295.7,38082090.0
2020-01-22,266.54,11869000221.9,44282490.0
2020-01-23,263.73,10758037619.6,40604170.0
2020-01-24,265.49,7262832432.3,27340100.0
2020-01-27,255.32,14573355407.9,56453370.0
2020-01-28,257.7,12365444789.1,48137360.0
2020-01-29,259.94,9098209650.8,35047940.0
2020-01-30,257.31,8167114682.7,31769340.0
2020-01-31,252.2,12249844290.7,47921560.0
2020-02-03,253.99,13363918755.6,52728460.0
2020-02-04,255.4,12692962569.8,49786360.0
2020-02-05,255.2,12992374109.8,50756570.0
2020-02-06,252.11,11098851157.0,43615980.0
2020-02-07,254.3,12648688569.6,50226630.0
2020-02-10,252.26,8929308973.1,35220690.0
2020-02-11,254.5,20381955261.5,79454730.0
2020-02-12,254.5,13351886412.8,52523300.0
2020-02-13,253.89,9314224120.0,36730840.0
2020-02-14,251.75,7579007855.0,30017380.0
2020-02-17,251.36,6637504387.0,26429380.0
2020-02-18,249.2,9054245995.6,36365950.0
2020-02-19,249.7,6437007441.5,25798890.0
2020-02-20,250.15,7704063757.8,30717360.0
2020-02-21,250.8,6926329901.6,27762930.0
2020-02-25,245.19,10141332087.8,41055780.0
2020-02-26,250.8,16724373957.7,67757850.0
2020-02-27,242.88,14287528242.1,58240400.0
2020-02-28,233.36,29250123419.3,124633310.0
2020-03-02,228.17,23615359168.5,101986040.0
2020-03-03,236.63,19695761022.1,83653950.0
2020-03-04,235.27,12738292785.5,54274670.0
2020-03-05,232.33,13359836777.1,57083760.0
2020-03-06,219.99,23122055667.7,104446900.0
2020-03-10,201.2,49385427971.3,244541800.0
2020-03-11,194.53,27368963511.9,138304030.0
2020-03-12,175.91,35646674940.5,197972880.0
2020-03-13,198.6,50434232135.0,263038280.0
2020-03-16,195.85,33462089397.7,174273600.0
2020-03-17,184.01,35134438033.5,184148390.0
2020-03-18,174.27,27438382586.0,155008180.0
2020-03-19,189.51,34507099921.0,187427700.0
2020-03-20,195.69,33640155970.2,170582970.0
2020-03-23,183.37,29394019795.5,157891450.0
2020-03-24,192.64,20144255967.3,104881990.0
2020-03-25,188.08,36047953308.7,187978350.0
2020-03-26,188.07,20794391118.5,111602370.0
2020-03-27,180.38,20992083168.9,114277750.0
2020-03-30,183.0,16984102870.2,94334680.0
2020-03-31,187.21,21273110563.5,114026920.0
2020-04-01,184.78,14152323782.7,76826820.0
2020-04-02,186.95,23370357267.7,125636360.0
2020-04-03,185.64,17235065518.9,92860290.0
2020-04-06,190.7,14703005110.4,77864920.0
2020-04-07,197.63,26938901533.1,136421670.0
2020-04-08,200.29,17786713217.2,89980980.0
2020-04-09,203.61,22320788796.1,109981630.0
2020-04-10,201.99,5800209935.8,28758250.0
2020-04-13,198.26,8212681043.4,41284390.0
2020-04-14,197.37,16029896035.5,80220070.0
2020-04-15,186.07,18670648932.7,98164460.0
2020-04-16,188.5,20595306653.4,109174870.0
2020-04-17,191.8,13685370762.7,71727940.0
2020-04-20,189.32,11794682206.4,62240080.0
2020-04-21,186.05,17514787767.5,94307290.0
2020-04-22,190.2,14242707865.6,75361890.0
2020-04-23,190.94,11973068616.3,62759650.0
2020-04-24,188.91,10472460449.3,55313850.0
2020-04-27,188.9,8280718574.0,43711720.0
2020-04-28,192.8,15058997718.5,78584780.0
2020-04-29,195.8,13579539158.7,69842140.0
2020-04-30,197.25,17208241261.6,87198650.0
2020-05-04,193.69,10956456919.7,56398200.0
2020-05-05,194.75,6913652876.1,35439260.0
2020-05-06,195.7,9707394359.8,49561410.0
2020-05-07,195.51,11343545876.3,57728990.0
2020-05-08,196.02,6617841364.8,33836340.0
2020-05-12,191.4,13070048549.5,67656880.0
2020-05-13,187.31,11961690830.5,63466110.0
2020-05-14,183.81,14231605183.4,76682120.0
2020-05-15,183.85,11679302654.5,63148140.0
2020-05-18,188.93,14534902238.5,77545890.0
2020-05-19,189.0,19951575701.7,105324020.0
2020-05-20,193.98,17813722381.1,93343040.0
2020-05-21,192.4,15420063130.0,79541950.0
2020-05-22,188.9,10819219615.2,57013570.0
2020-05-25,191.0,4393812737.8,23140090.0
2020-05-26,194.0,15409981368.9,79312200.0
2020-05-27,198.51,22860566656.3,116074210.0
2020-05-28,205.0,23677007418.1,117179670.0
2020-05-29,200.5,21465081835.5,106653140.0
2020-06-01,203.66,13373648341.9,65650670.0
2020-06-02,212.0,24294100965.5,116868310.0
2020-06-03,221.5,31549092543.7,145043730.0
2020-06-04,213.1,26485488602.2,122494020.0
2020-06-05,219.1,19225352020.3,88658860.0
2020-06-08,220.3,19572072820.0,88826700.0
2020-06-09,217.23,15045754084.5,69166250.0
2020-06-10,212.53,19662728515.9,91895460.0
2020-06-11,208.35,14524836992.8,70033060.0
2020-06-15,207.32,15576360955.0,75996510.0
2020-06-16,207.76,13980584331.2,66559110.0
2020-06-17,208.14,11802788689.2,56578870.0
2020-06-18,203.77,14802264834.6,72275760.0
2020-06-19,207.0,15554563362.6,75045510.0
2020-06-22,206.4,12074076979.8,58664110.0
2020-06-23,207.3,11137767479.7,53487940.0
2020-06-25,206.92,14541271980.8,71495220.0
2020-06-26,203.15,9536028546.0,46690640.0
2020-06-29,205.8,8775787315.9,43082680.0
2020-06-30,203.22,8909592214.0,43754960.0
2020-07-02,209.6,15895629292.0,76382050.0
2020-07-03,210.95,10651660815.1,50644210.0
2020-07-06,214.61,11914952236.6,55455110.0
2020-07-07,210.53,9483841870.2,44728560.0
2020-07-08,210.97,8859053776.1,42068480.0
2020-07-09,209.11,9485167255.3,45189000.0
2020-07-10,212.28,10603240360.5,50706520.0
2020-07-13,208.39,10836025409.7,51331610.0
2020-07-14,209.5,13674397301.5,66035020.0
2020-07-15,211.09,10392614438.1,49529010.0
2020-07-16,211.35,8222468883.2,39030370.0
2020-07-17,210.81,7621648287.8,36140220.0
2020-07-20,213.89,9408789104.0,44507600.0
2020-07-21,215.73,16436006752.1,75649160.0
2020-07-22,216.71,10453875884.8,48441000.0
2020-07-23,215.41,9454102078.5,43424820.0
2020-07-24,215.97,11521604596.7,53567220.0
2020-07-27,216.9,8310553242.2,38321750.0
2020-07-28,215.53,5319231657.0,24610340.0
2020-07-29,219.18,9005920588.0,41346230.0
2020-07-29,219.18,9005920588.0,41346230.0
2020-07-30,218.15,11138328730.9,51264970.0
2020-07-31,221.57,13145917240.5,59709710.0
2020-08-03,226.72,14565232568.0,64556650.0
2020-08-04,227.16,9543108136.4,42017490.0
2020-08-05,226.4,12399212426.2,54642900.0
2020-08-06,226.0,6807374079.6,30164090.0
2020-08-07,227.28,8061489862.1,35640160.0
2020-08-10,225.99,9837842413.7,43502880.0
2020-08-11,232.65,18901430660.7,81875170.0
2020-08-12,242.4,24086072932.3,101002270.0
2020-08-13,241.39,20686038715.6,85720330.0
2020-08-14,239.99,10611904575.6,44284550.0
2020-08-17,237.8,18405007815.5,77120410.0
2020-08-18,236.3,8727611405.3,36762880.0
2020-08-19,239.4,9128470275.9,38234650.0
2020-08-20,232.48,27336230596.3,116941150.0
2020-08-21,231.22,32170258945.3,138913060.0
2020-08-24,231.81,10345016893.4,44546800.0
2020-08-25,228.08,13519382620.3,58979870.0
2020-08-26,227.8,17191544879.4,75779450.0
2020-08-27,226.23,11613583692.0,51031070.0
2020-08-28,226.3,9232406392.9,40748090.0
2020-08-31,226.1,14071375876.6,62015070.0
2020-09-01,227.64,8522787144.6,37550370.0
2020-09-02,222.57,17450608746.8,77854040.0
2020-09-03,218.32,15382475469.6,69470720.0
2020-09-04,222.21,15500726113.3,70670060.0
2020-09-07,221.32,13178570253.6,59334960.0
2020-09-08,217.68,15302879362.2,70024350.0
2020-09-09,218.0,10478057857.9,48062980.0
2020-09-10,220.6,15594540161.9,71198540.0
2020-09-11,221.07,10116610895.1,45688920.0
2020-09-14,227.37,14157337173.7,62906200.0
2020-09-15,231.5,14255629551.8,61905270.0
2020-09-16,231.06,9156984436.9,39605930.0
2020-09-17,231.46,11305308495.3,49126710.0
2020-09-18,230.3,12588932834.6,54624840.0
2020-09-21,226.25,15914876384.9,70303620.0
2020-09-22,229.88,15206482113.8,66622080.0
2020-09-23,228.5,16403578895.1,71299220.0
2020-09-24,228.17,18732362394.8,81995110.0
2020-09-25,228.24,13705991460.3,60248340.0
2020-09-28,228.63,14741456973.9,64519830.0
2020-09-29,225.48,20396145374.2,90417190.0
2020-09-30,229.14,17872440194.2,78604470.0
2020-10-01,227.23,17791063640.7,77828210.0
2020-10-02,208.8,23838847083.7,114322450.0
2020-10-05,208.89,9513875234.4,45601880.0
2020-10-06,211.18,18494841962.5,87529560.0
2020-10-07,210.6,13059113369.6,62052620.0
2020-10-08,207.97,10346732010.9,49545460.0
2020-10-09,205.38,13514648160.3,65518060.0
2020-10-12,206.18,10804190710.5,52321380.0
2020-10-13,205.03,9481495812.4,46023280.0
2020-10-14,207.83,9685023432.1,46840170.0
2020-10-15,203.85,15627615937.8,76502030.0
2020-10-16,201.17,13392342059.7,66258500.0
2020-10-19,202.78,9616800475.9,47421400.0
2020-10-20,209.54,16761624910.9,80919110.0
2020-10-21,210.33,17405263503.0,82509750.0
2020-10-22,210.21,9827794477.3,46859510.0
2020-10-23,214.5,16035135288.8,75361490.0
2020-10-26,211.1,12523196337.9,58921210.0
2020-10-27,207.64,12740888699.7,61084680.0
2020-10-28,204.73,14346698389.2,70171420.0
2020-10-29,205.58,18784577809.2,91505270.0
2020-10-30,200.99,16956465782.8,83659620.0
2020-11-02,204.5,16569318135.9,82335660.0
2020-11-03,209.2,18755423471.8,90368710.0
2020-11-05,216.7,32864048096.0,152554980.0
2020-11-06,217.5,20569505846.9,94997390.0
2020-11-09,228.05,49040624016.0,217536750.0
2020-11-10,236.1,53418710876.7,229603230.0
2020-11-11,244.2,56981091002.2,234843470.0
2020-11-12,242.08,36869870227.7,151436920.0
2020-11-13,242.99,25594975927.1,106150870.0
2020-11-16,247.99,28152563676.1,113945190.0
2020-11-17,245.7,23346224330.0,94918470.0
2020-11-18,242.71,14733578918.6,60088940.0
2020-11-19,240.27,23265463603.1,97143730.0
2020-11-20,239.42,11633833057.0,48799870.0
2020-11-23,239.7,18049549354.9,74832280.0
2020-11-24,247.33,20602954853.6,84515780.0
2020-11-25,251.91,33360645434.4,133397740.0
2020-11-26,250.1,19957536265.9,79917590.0
2020-11-27,251.59,12861398290.8,51431130.0
2020-11-30,249.63,27926253239.0,112141620.0
2020-12-01,260.81,33797756819.2,132069500.0
2020-12-02,264.06,24485196875.8,93452130.0
2020-12-03,263.14,16359009602.9,62240840.0
2020-12-04,270.0,25436065778.4,94637930.0
2020-12-07,274.36,25943614759.1,94793660.0
2020-12-08,275.49,21641376994.2,78859920.0
2020-12-09,276.89,20456907403.1,73639980.0
2020-12-10,282.2,21123931442.1,75658690.0
2020-12-11,283.73,21506659116.0,76101950.0
2020-12-14,279.95,25581080169.8,90415250.0
2020-12-15,278.7,23511052595.1,84193230.0
2020-12-15,278.7,23511052595.1,84193230.0
2020-12-16,278.35,15220154497.2,54748960.0
2020-12-17,278.5,25872189748.4,92138550.0
2020-12-18,270.16,27030760585.1,99271840.0
2020-12-21,261.79,31683374762.3,120517950.0
2020-12-22,262.04,27826353526.9,105490480.0
2020-12-23,270.1,18051634580.6,67938790.0
2020-12-24,269.32,11504527659.8,42614450.0
2020-12-25,270.64,3235057865.1,11989750.0
2020-12-28,274.7,10633510029.9,39043430.0
2020-12-29,272.0,10692369375.8,39021610.0
2020-12-30,271.65,8575812006.4,31530660.0
2021-01-04,272.0,13434542974.0,48922920.0
2021-01-05,275.2,12449940093.5,45583910.0
2021-01-06,272.93,11198786354.7,40948520.0
2021-01-08,283.64,24965598229.2,88928790.0
2021-01-11,289.49,32387587949.7,112349520.0
2021-01-12,289.99,23033207791.0,78962360.0
2021-01-13,283.78,19329406068.2,67559080.0
2021-01-14,284.79,21166553940.6,74673700.0
2021-01-15,276.9,20704258669.7,73774870.0
2021-01-18,279.79,20519303291.8,73935650.0
2021-01-19,278.19,15657703355.8,55998820.0
2021-01-20,279.8,13410105295.4,47940980.0
2021-01-21,274.4,23104211857.2,83795610.0
2021-01-22,268.25,23425721074.9,87007610.0
2021-01-25,265.3,30573885594.7,114330950.0
2021-01-26,269.34,20081806624.3,75228120.0
2021-01-27,265.5,26983357696.7,100093260.0
2021-01-28,265.96,21478838736.4,81253290.0
2021-01-29,258.11,31282157083.1,120123710.0
2021-02-01,263.8,16517036893.1,63130400.0
2021-02-02,263.15,21130912921.8,79534190.0
2021-02-03,263.53,20508495277.8,77648760.0
2021-02-04,270.11,21060053221.8,78929290.0
2021-02-05,271.7,19443149796.1,71806820.0
2021-02-08,275.2,14217396460.7,51878390.0
2021-02-09,268.98,24881954493.2,91921510.0
2021-02-10,265.9,16918200383.1,63087490.0
2021-02-11,264.7,10250368666.9,38669800.0
2021-02-12,266.0,21386688670.7,81658530.0
2021-02-15,271.81,15321628602.6,56945310.0
2021-02-16,270.9,17059296191.7,63103170.0
2021-02-17,270.9,21493440752.3,79103850.0
2021-02-18,266.99,15803278522.1,58729690.0
2021-02-19,271.34,15897066063.1,59268550.0
2021-02-20,270.51,2365150617.1,8763250.0
2021-02-22,273.71,13063828693.3,48129770.0
2021-02-24,271.9,17398895710.6,64190320.0
2021-02-25,270.71,21852880680.8,79716010.0
2021-02-26,270.17,20205917011.1,74892050.0
2021-03-01,273.58,9812239879.7,35962010.0
2021-03-02,279.1,19802839822.7,71566360.0
2021-03-03,278.01,18069380424.4,64275320.0
2021-03-04,274.75,25572715633.1,91991370.0
2021-03-05,277.5,23006360823.0,83551110.0
2021-03-09,285.79,20623220749.3,72788180.0
2021-03-10,282.24,15689655145.4,55155180.0
2021-03-11,286.0,13468791279.1,47365180.0
2021-03-12,284.93,14696936110.3,51540190.0
2021-03-15,292.74,19694478523.7,67805740.0
2021-03-16,292.33,15706960115.0,53921730.0
2021-03-17,283.35,31420312827.6,110292330.0
2021-03-18,279.25,20952188477.5,74128740.0
2021-03-19,285.47,23896683369.4,84249430.0
2021-03-22,288.65,18072432468.3,62762410.0
2021-03-23,282.6,20134876840.3,70760630.0
2021-03-24,285.79,13241823616.1,46411230.0
2021-03-25,286.66,10061257317.5,35216620.0
2021-03-26,291.22,16285019984.6,56072880.0
2021-03-29,293.3,12776627652.5,43681330.0
2021-03-30,293.25,11386510532.1,38806220.0
2021-03-31,291.02,13722588078.6,46996880.0
2021-04-01,290.24,15048904346.4,51601440.0
2021-04-02,291.7,5610346088.3,19279180.0
2021-04-05,288.78,10211978871.6,35363370.0
2021-04-06,281.5,22023585643.8,77530890.0
2021-04-07,283.98,20938831900.0,74146060.0
2021-04-08,283.89,14569845805.9,51289780.0
2021-04-09,281.07,11271736294.7,40033420.0
2021-04-12,281.75,16143449066.2,57180030.0
2021-04-13,287.95,19307788768.4,67973530.0
2021-04-14,287.18,17158515624.6,59364940.0
2021-04-15,283.72,24900273563.2,88048600.0
2021-04-16,288.5,18209910712.5,63499000.0
2021-04-19,287.72,14768633036.5,51327720.0
2021-04-20,287.42,18231430821.4,63197880.0
2021-04-21,289.25,14366094028.1,49792800.0
2021-04-22,292.18,21455730263.7,73632070.0
2021-04-23,293.19,12479394619.2,42651330.0
2021-04-26,295.27,13489611763.3,45760050.0
2021-04-27,298.5,18736951208.9,62853160.0
2021-04-28,298.49,12086194096.3,40622520.0
2021-04-29,297.1,17035466804.4,57082260.0
2021-04-30,297.73,10590175090.3,35679650.0
2021-05-04,303.7,18254360973.5,60457530.0
2021-05-05,305.99,12686338080.0,41715270.0
2021-05-06,314.72,19445261780.6,62565270.0
2021-05-07,317.94,17932443392.3,56433970.0
2021-05-10,320.19,18859902204.9,59248110.0
2021-05-11,307.16,24461595534.6,79945470.0
2021-05-12,302.02,17117472278.0,56142830.0
2021-05-13,306.74,17480492963.7,57721460.0
2021-05-14,304.1,8184103496.4,26858430.0
2021-05-17,303.94,8602278545.3,28384220.0
2021-05-18,305.78,10826259827.2,35496400.0
2021-05-19,297.0,21447203504.1,71747950.0
2021-05-20,296.72,17309608890.0,58510610.0
2021-05-21,301.23,15412865248.4,51415080.0
